Rk,Player,Age,Team,Pos,G,GS,MP,FG,FGA,FG%,3P,3PA,3P%,2P,2PA,2P%,eFG%,FT,FTA,FT%,ORB,DRB,TRB,AST,STL,BLK,TOV,PF,PTS,Awards
1,Shai Gilgeous-Alexander,26,OKC,PG,53,53,34,11.2,21.5,0.523,2.1,5.7,0.359,9.2,15.8,0.583,0.571,7.9,8.8,0.897,0.9,4.2,5.1,6.1,1.9,1,2.5,2.2,32.5,
2,Giannis Antetokounmpo,30,MIL,PF,41,41,34.9,12.7,20.9,0.608,0.1,0.8,0.188,12.6,20.1,0.624,0.611,6.2,10.7,0.577,2.3,9.9,12.2,5.9,0.8,1.3,3.4,2.4,31.8,
3,Nikola Jokić,29,DEN,C,49,49,36,11.3,19.7,0.577,2,4.5,0.45,9.3,15.2,0.615,0.629,5,6.1,0.823,3,9.6,12.6,10.2,1.8,0.7,3.1,2.2,29.8,
4,Tyrese Maxey,24,PHI,PG,46,46,38,9.6,21.5,0.447,3.3,9.6,0.346,6.3,11.9,0.528,0.524,5,5.8,0.872,0.3,3.2,3.5,6.1,1.9,0.4,2.5,2.3,27.6,
5,Anthony Edwards,23,MIN,SG,54,54,36.7,9.1,20.8,0.44,4.2,10.1,0.414,4.9,10.7,0.464,0.54,5,5.9,0.843,0.8,5,5.8,4.5,1.2,0.6,3.5,1.9,27.5,
6,LaMelo Ball,23,CHO,PG,33,33,32.7,9.5,22.8,0.416,4,11.9,0.338,5.5,10.8,0.503,0.505,4.3,5.3,0.822,0.9,4.2,5.1,7.2,1.3,0.3,3.6,3.3,27.3,
7,Kevin Durant,36,PHO,PF,41,41,36.5,10,18.7,0.532,2.4,5.9,0.404,7.6,12.9,0.59,0.595,5.1,6.1,0.825,0.4,5.6,6,4.2,0.9,1.4,3.1,1.8,27.3,
8,Luka Dončić,25,2TM,PG,24,24,34.7,9.5,20.5,0.46,3.3,9.5,0.348,6.2,11.1,0.556,0.541,4.8,6.4,0.753,0.8,7.3,8,7.5,1.9,0.4,3.4,2.8,27,
9,Luka Dončić,25,DAL,PG,22,22,35.7,9.8,21.2,0.464,3.4,9.6,0.354,6.4,11.5,0.555,0.544,5.1,6.6,0.767,0.7,7.6,8.3,7.8,2,0.4,3.4,2.6,28.1,
10,Luka Dončić,25,LAL,PG,2,2,23.5,5.5,13.5,0.407,2,7.5,0.267,3.5,6,0.583,0.481,2,4,0.5,1,3.5,4.5,4,0.5,0.5,3,4,15,
11,Jayson Tatum,26,BOS,PF,52,52,36.4,9.1,20.1,0.455,3.6,10.2,0.358,5.5,9.9,0.553,0.545,5.1,6.5,0.795,0.6,8.1,8.7,5.6,1.2,0.5,2.8,2.2,27,
12,Devin Booker,28,PHO,SG,48,48,37.2,8.6,18.9,0.453,2.6,7.7,0.339,6,11.2,0.532,0.522,6.4,7.2,0.896,1,3.1,4,6.7,1,0.3,2.7,2.4,26.2,
13,Jalen Brunson,28,NYK,PG,53,53,35.2,9,18.3,0.492,2.3,5.8,0.397,6.7,12.5,0.535,0.555,5.8,7.1,0.816,0.4,2.4,2.8,7.5,0.9,0.1,2.4,2.2,26.1,
14,Damian Lillard,34,MIL,PG,44,44,36.5,8,17.6,0.452,3.5,9.1,0.382,4.5,8.5,0.527,0.55,6.4,6.9,0.921,0.6,4.2,4.7,7.5,1.2,0.2,3,1.8,25.8,
15,Anthony Davis,31,2TM,PF,43,43,34.2,9.5,18,0.528,0.7,2.2,0.313,8.8,15.8,0.559,0.548,6,7.6,0.786,2.9,9.1,12,3.4,1.3,2.2,2.2,1.9,25.7,
16,Anthony Davis,31,LAL,C,42,42,34.3,9.5,18,0.528,0.7,2.2,0.298,8.9,15.8,0.56,0.546,6,7.6,0.788,2.8,9,11.9,3.4,1.3,2.1,2.2,2,25.7,
17,Anthony Davis,31,DAL,PF,1,1,31,10,18,0.556,2,2,1,8,16,0.5,0.611,4,6,0.667,4,12,16,7,0,3,1,0,26,
18,Cade Cunningham,23,DET,PG,50,50,35.5,9.5,20.9,0.455,2.2,6.3,0.351,7.3,14.6,0.5,0.508,4.2,4.9,0.85,0.9,5.5,6.3,9.4,0.9,0.8,4.4,2.6,25.4,
19,Franz Wagner,23,ORL,SF,36,36,33,9.1,19.5,0.465,2,6.3,0.317,7.1,13.2,0.536,0.516,4.9,5.7,0.864,1,4.6,5.6,4.9,1.4,0.4,2.3,2.5,25.1,
20,Joel Embiid,30,PHI,C,17,17,30.4,7.8,17.2,0.454,1.4,4.1,0.333,6.5,13.2,0.491,0.493,7.9,9.1,0.87,1.9,6.6,8.5,4.5,0.8,1,3.4,2.3,24.9,
21,Cam Thomas,23,BRK,SG,19,17,32.3,7.9,17.7,0.448,2.8,7.6,0.375,5.1,10.2,0.503,0.528,5.9,6.8,0.876,0.5,3.1,3.6,3.4,0.7,0.1,2.7,1.9,24.7,
22,Karl-Anthony Towns,29,NYK,C,49,49,34.9,8.9,16.6,0.534,2.1,4.8,0.438,6.8,11.9,0.572,0.596,4.9,5.8,0.842,3.1,10.3,13.4,3.3,1,0.8,2.6,3.5,24.7,
23,De'Aaron Fox,27,2TM,PG,50,50,36.8,9.1,19.3,0.471,2,6.1,0.319,7.1,13.1,0.543,0.522,4.5,5.5,0.822,1,3.9,4.8,6.3,1.5,0.4,2.9,2.7,24.6,
24,De'Aaron Fox,27,SAC,PG,45,45,37,9.2,19.6,0.469,2,6.4,0.322,7.2,13.3,0.539,0.521,4.5,5.5,0.829,1,4,5,6.1,1.5,0.4,3,2.6,25,
25,De'Aaron Fox,27,SAS,PG,5,5,35.8,8,16,0.5,1.2,4.2,0.286,6.8,11.8,0.576,0.538,4.4,5.8,0.759,0.6,2.8,3.4,7.8,1.8,0,2,3.8,21.6,
26,Kyrie Irving,32,DAL,SG,44,44,36.6,9,18.8,0.478,2.9,7.1,0.413,6,11.7,0.517,0.556,3.8,4.2,0.902,1.2,3.6,4.8,4.8,1.3,0.4,2.3,2,24.6,
27,Zion Williamson,24,NOP,PF,18,18,28.2,9.3,17.1,0.547,0.2,0.7,0.25,9.2,16.4,0.559,0.552,5.6,8.6,0.649,2.7,4.7,7.4,5,1.3,0.9,3.1,3,24.4,
28,LeBron James,40,LAL,SF,48,48,34.5,9.3,18.1,0.516,2.2,5.6,0.395,7.1,12.4,0.571,0.578,3.4,4.5,0.759,0.9,6.9,7.7,9,0.9,0.5,3.8,1.4,24.3,
29,Victor Wembanyama,21,SAS,C,46,46,33.2,8.9,18.6,0.476,3.1,8.8,0.352,5.8,9.9,0.586,0.559,3.4,4.1,0.836,1.8,9.2,11,3.7,1.1,3.8,3.2,2.3,24.3,
30,Norman Powell,31,LAC,SG,45,45,33.6,8.4,17,0.496,3.4,7.8,0.428,5.1,9.1,0.555,0.595,4,4.9,0.819,0.4,3.2,3.6,2.2,1.3,0.2,2.1,1.9,24.2,
31,Tyler Herro,25,MIA,SG,51,51,35.6,8.3,17.8,0.465,3.7,9.7,0.38,4.6,8.1,0.567,0.569,3.6,4.2,0.854,0.4,5.2,5.5,5.5,0.8,0.1,2.7,1.4,23.9,
32,Donovan Mitchell,28,CLE,SG,51,51,31.3,8.4,18.6,0.454,3.6,9.2,0.391,4.8,9.4,0.516,0.551,3.5,4.2,0.835,0.7,3.7,4.4,4.8,1.4,0.2,2,2,23.9,
33,Zach LaVine,29,2TM,SF,48,48,34.5,8.5,16.9,0.501,3.1,7.3,0.422,5.4,9.6,0.562,0.592,3.6,4.4,0.817,0.3,4.3,4.6,4.6,0.9,0.2,2.8,1.5,23.7,
34,Zach LaVine,29,CHI,SF,42,42,34.1,8.6,16.9,0.511,3.2,7.3,0.446,5.4,9.6,0.56,0.607,3.5,4.3,0.797,0.3,4.5,4.8,4.5,0.9,0.2,2.9,1.5,24,
35,Zach LaVine,29,SAC,SG,6,6,37.2,7.3,17,0.431,2,7.7,0.261,5.3,9.3,0.571,0.49,4.8,5.2,0.935,0.3,2.7,3,5,1,0.2,2.3,1.7,21.5,
36,Trae Young,26,ATL,PG,51,51,36.2,7.3,18,0.407,2.9,8.7,0.336,4.4,9.2,0.473,0.489,6.1,7.1,0.857,0.5,2.7,3.2,11.5,1.2,0.2,4.8,2,23.7,
37,Stephen Curry,36,GSW,PG,46,46,32.2,7.8,18,0.434,4.4,11.2,0.39,3.4,6.8,0.508,0.556,3.5,3.7,0.924,0.6,4,4.5,6.1,1,0.5,2.9,1.3,23.4,
38,Jaren Jackson Jr.,25,MEM,C,52,52,29.8,8.3,16.8,0.495,1.9,5.3,0.364,6.4,11.5,0.556,0.553,4.5,5.8,0.772,1.4,4.6,6,2.2,1.3,1.6,2.3,3.3,23,
39,Jaylen Brown,28,BOS,SF,46,46,35.3,8.5,18.5,0.461,1.9,6,0.324,6.6,12.5,0.526,0.513,4,5.3,0.746,1.4,4.6,6,4.8,1.2,0.3,2.7,2.6,22.9,
40,Paolo Banchero,22,ORL,PF,22,22,33.2,8,18.7,0.427,1.7,5.5,0.303,6.3,13.2,0.479,0.472,4.9,7.5,0.652,1.1,6,7.1,5,0.6,0.8,3.1,2.2,22.5,
41,CJ McCollum,33,NOP,PG,41,41,33.5,8.4,18.5,0.455,3.2,8.3,0.382,5.3,10.2,0.514,0.541,2.5,3.4,0.723,0.7,3,3.7,3.7,0.8,0.5,1.8,2.3,22.5,
42,Trey Murphy III,24,NOP,SF,39,37,35.6,7.5,16.2,0.463,3.2,8.5,0.376,4.3,7.7,0.56,0.562,4.3,4.8,0.888,0.8,4.3,5.2,3.6,1.2,0.7,1.8,2.2,22.4,
43,Brandon Ingram,27,NOP,SF,18,18,33.1,8.6,18.5,0.465,2.4,6.4,0.374,6.2,12.1,0.514,0.53,2.6,3.1,0.855,0.9,4.6,5.6,5.2,0.9,0.6,3.8,2.5,22.2,
44,DeMar DeRozan,35,SAC,SF,50,50,36,8.1,16.6,0.487,1,2.9,0.34,7.1,13.7,0.518,0.517,4.7,5.5,0.864,0.5,3.3,3.9,3.7,1,0.4,1.4,1.9,21.9,
45,RJ Barrett,24,TOR,SF,42,42,33.2,8.2,17.3,0.473,1.8,5.2,0.35,6.4,12.1,0.527,0.526,3.5,5.4,0.648,1,5.6,6.6,5.6,0.9,0.3,3,2.6,21.7,
46,Darius Garland,25,CLE,PG,52,52,30.2,7.8,15.6,0.498,3,7,0.431,4.8,8.6,0.552,0.594,3.1,3.5,0.875,0.6,1.9,2.5,6.7,1.1,0.2,2.5,2.1,21.6,
47,James Harden,35,LAC,PG,51,51,34.3,6.3,15.9,0.394,2.8,8.2,0.342,3.5,7.7,0.449,0.482,6.1,6.9,0.887,0.6,5.2,5.8,8.6,1.5,0.6,4.5,2.1,21.5,
48,Jalen Green,22,HOU,SG,55,55,33.2,7.5,17.6,0.425,2.8,8.1,0.35,4.7,9.5,0.489,0.505,3.4,4,0.842,0.6,3.7,4.3,3,0.8,0.3,2.5,1.7,21.2,
49,Jordan Poole,25,WAS,SG,47,47,31.4,6.9,16.5,0.418,3.5,9.5,0.371,3.4,7,0.48,0.524,3.9,4.4,0.875,0.5,2.7,3.2,4.9,1.4,0.5,3.4,3.2,21.2,
50,Brandon Miller,22,CHO,SF,27,27,34.2,7.3,18.2,0.403,3.9,10.9,0.355,3.5,7.3,0.475,0.509,2.5,2.9,0.861,0.9,3.9,4.9,3.6,1.1,0.7,2.8,2.7,21,
51,Jamal Murray,27,DEN,PG,48,48,36,7.9,16.7,0.471,2.1,5.7,0.375,5.7,11,0.521,0.535,3.1,3.6,0.872,0.6,3.3,3.9,6.1,1.5,0.5,2.1,1.9,21,
52,Jalen Williams,23,OKC,SG,51,51,32.6,8.1,17,0.479,1.7,4.9,0.343,6.5,12.1,0.533,0.528,3,3.9,0.775,0.9,4.6,5.5,5.1,1.7,0.7,2.2,2.4,21,
53,Ja Morant,25,MEM,PG,32,32,28.8,7.1,15.9,0.447,1.6,4.9,0.321,5.5,11,0.503,0.496,4.9,6.1,0.81,0.7,3.6,4.3,7.4,1.3,0.3,3.8,1.8,20.7,
54,Pascal Siakam,30,IND,PF,53,53,33.2,7.9,15.1,0.526,1.7,4.2,0.408,6.2,10.9,0.572,0.583,3.1,4,0.777,1.7,5.5,7.3,3.4,1,0.5,1.3,2.6,20.7,
55,Domantas Sabonis,28,SAC,C,52,52,36.1,8,13.3,0.6,1.1,2.4,0.455,6.9,11,0.632,0.641,3.3,4.4,0.751,4.2,10.4,14.6,6.2,0.6,0.4,3,3.6,20.4,
56,Scottie Barnes,23,TOR,PF,42,42,34.6,7.6,17,0.447,1.3,4.9,0.266,6.3,12.1,0.521,0.485,3.6,4.6,0.769,1.5,6.4,7.9,6.3,1.5,1.1,3,2,20.1,
57,Lauri Markkanen,27,UTA,PF,41,41,32.1,6.4,14.9,0.432,3,8.4,0.353,3.5,6.5,0.536,0.532,3.7,4.3,0.869,1.6,4.5,6.1,1.6,0.8,0.4,1.4,1.8,19.6,
58,Miles Bridges,26,CHO,PF,38,38,32.1,7.2,16.6,0.431,2,6.7,0.302,5.1,9.9,0.519,0.492,3.2,3.7,0.864,1.1,6.7,7.7,3.8,0.7,0.6,2,1.5,19.5,
59,Kristaps Porziņģis,29,BOS,C,29,29,29,6.6,13.7,0.48,2.4,6,0.405,4.2,7.8,0.538,0.568,3.8,4.7,0.822,1.6,5.4,7,2,0.8,1.6,1.1,2.8,19.4,
60,Cameron Johnson,28,BRK,PF,39,39,31.9,6.4,13,0.488,3.1,7.5,0.413,3.3,5.5,0.591,0.607,3.3,3.6,0.894,0.8,3.3,4.2,2.9,0.8,0.5,1.6,1.7,19.1,
61,Austin Reaves,26,LAL,SG,47,47,34.8,6.2,13.9,0.446,2.6,7.1,0.359,3.7,6.8,0.538,0.538,4.1,4.8,0.862,0.9,3.6,4.4,6.2,1.2,0.2,2.4,2,19.1,
62,Nikola Vučević,34,CHI,C,54,54,32.1,7.8,14.5,0.539,1.7,4.6,0.382,6.1,9.9,0.611,0.599,1.8,2.2,0.814,2.4,7.9,10.3,3.5,0.9,0.7,1.6,2.4,19.1,
63,Michael Porter Jr.,26,DEN,SF,52,52,33.3,7.2,13.7,0.523,2.7,6.4,0.417,4.5,7.3,0.616,0.621,1.9,2.6,0.743,1.7,4.8,6.5,2.2,0.6,0.5,1.4,1.8,19,
64,Jalen Johnson,23,ATL,SF,36,36,35.7,7.5,15.1,0.5,1.2,3.9,0.312,6.3,11.1,0.566,0.541,2.6,3.5,0.746,1.7,8.3,10,5,1.6,1,2.9,1.9,18.9,
65,Julius Randle,30,MIN,PF,48,48,32.6,6.6,14,0.47,1.5,4.6,0.321,5.1,9.4,0.542,0.522,4.2,5.2,0.811,2.1,5,7.2,4.5,0.7,0.2,2.8,2.5,18.9,
66,De'Andre Hunter,27,2TM,SF,39,5,28.6,6.1,13.1,0.462,2.7,6.7,0.4,3.4,6.4,0.526,0.564,4,4.7,0.857,0.7,3.2,3.9,1.5,0.8,0.1,1.5,2.5,18.8,
67,De'Andre Hunter,27,ATL,SF,37,4,28.8,6.1,13.3,0.461,2.6,6.7,0.393,3.5,6.6,0.531,0.56,4.1,4.8,0.858,0.7,3.2,3.9,1.5,0.8,0.1,1.6,2.4,19,
68,De'Andre Hunter,27,CLE,SF,2,1,25,4.5,9.5,0.474,3.5,6.5,0.538,1,3,0.333,0.658,2.5,3,0.833,0,3,3,0,1,0,0.5,4.5,15,
69,Alperen Şengün,22,HOU,C,52,52,31.1,7.4,15.1,0.491,0.3,1.4,0.23,7.1,13.7,0.518,0.502,3.6,5.2,0.694,3.3,7.2,10.5,4.9,1.2,0.8,2.4,2.8,18.8,
70,Anfernee Simons,25,POR,SG,51,51,32.4,6.6,15.4,0.426,3,8.1,0.374,3.5,7.3,0.483,0.524,2.4,2.7,0.905,0.3,2.4,2.7,5,0.8,0.1,2.1,1.8,18.6,
71,Evan Mobley,23,CLE,PF,48,48,30,7.2,12.6,0.569,1.1,2.8,0.378,6.1,9.8,0.623,0.611,3.1,4.1,0.754,2.2,7,9.1,3,0.9,1.5,1.9,2.1,18.5,
72,Collin Sexton,26,UTA,SG,46,44,28.5,6.5,13.6,0.478,1.9,4.6,0.412,4.6,9,0.511,0.547,3.5,3.9,0.894,1.1,1.8,2.9,4.1,0.7,0.1,2.5,2.3,18.3,
73,Coby White,24,CHI,SG,48,48,32.6,6.1,14.3,0.427,3,8.2,0.371,3,6,0.503,0.534,3,3.3,0.894,0.4,3,3.3,4.5,0.9,0.2,2.4,2.2,18.2,
74,Desmond Bane,26,MEM,SG,43,42,30.5,6.8,13.8,0.496,2.3,5.7,0.393,4.6,8,0.569,0.578,2.2,2.6,0.856,0.9,4.9,5.8,5.4,1.2,0.4,2.6,2.4,18.1,
75,John Collins,27,UTA,PF,36,27,30.5,6.6,12.6,0.524,1.4,3.4,0.423,5.1,9.1,0.562,0.582,3.5,4,0.876,2.2,6,8.2,2.1,1,1.1,2.7,3,18.1,
76,Malik Monk,26,SAC,SG,47,34,32.6,6.6,15.1,0.439,2.3,6.9,0.325,4.4,8.1,0.537,0.514,2.6,2.9,0.877,0.4,3.4,3.8,5.9,1,0.6,2.3,2.7,18.1,
77,Tyrese Haliburton,24,IND,PG,52,52,34,6.2,13.8,0.449,2.9,7.8,0.369,3.3,6,0.555,0.554,2.5,3,0.846,0.6,3,3.6,8.5,1.3,0.7,1.8,1.3,17.8,
78,Mikal Bridges,28,NYK,SF,54,54,38.2,7.3,14.8,0.492,2.3,6.4,0.359,5,8.4,0.593,0.569,0.9,1.1,0.742,0.9,2.3,3.1,3.3,1,0.5,1.5,1.5,17.7,
79,Jimmy Butler,35,2TM,SF,29,29,30.9,5.8,11,0.524,0.5,1.5,0.326,5.3,9.5,0.554,0.545,5.6,6.9,0.811,2.5,3,5.5,4.9,1.1,0.4,1.2,1.1,17.6,
80,Jimmy Butler,35,MIA,PF,25,25,30.6,5.7,10.5,0.54,0.5,1.4,0.361,5.2,9.1,0.568,0.565,5.2,6.4,0.801,2.2,3,5.2,4.8,1.1,0.4,1.2,0.9,17,
81,Jimmy Butler,35,GSW,SF,4,4,32.5,6.3,14,0.446,0.3,1.8,0.143,6,12.3,0.49,0.455,8.5,10,0.85,4.3,2.8,7,5.3,1.3,0.5,1.3,2,21.3,
82,Jaden Ivey,22,DET,SG,30,30,29.9,6.3,13.8,0.46,2.1,5.1,0.409,4.2,8.6,0.49,0.536,2.8,3.9,0.733,1.3,2.8,4.1,4,0.9,0.4,3,2.2,17.6,
83,Dejounte Murray,28,NOP,PG,31,31,32.6,6.3,15.9,0.393,1.7,5.6,0.299,4.6,10.3,0.444,0.445,3.3,4,0.823,0.5,5.9,6.5,7.4,2,0.4,3.4,2,17.5,
84,Bradley Beal,31,PHO,SG,37,23,32.4,6.6,13.3,0.495,2,5.1,0.401,4.5,8.2,0.553,0.571,2.2,2.7,0.81,0.7,2.7,3.4,3.4,1.1,0.6,2,2.6,17.4,
85,Andrew Wiggins,29,2TM,SF,45,45,30.2,6,13.6,0.438,2.2,5.8,0.372,3.8,7.8,0.487,0.517,3.2,4.2,0.777,1.6,3,4.6,2.4,0.9,0.8,1.3,1.6,17.3,
86,Andrew Wiggins,29,GSW,SF,43,43,30.1,6.1,13.7,0.444,2.2,5.8,0.379,3.9,7.9,0.491,0.524,3.2,4.2,0.777,1.5,3,4.6,2.3,0.9,0.8,1.3,1.6,17.6,
87,Andrew Wiggins,29,MIA,SF,2,2,32.5,3.5,12,0.292,1.5,6.5,0.231,2,5.5,0.364,0.354,3.5,4.5,0.778,2,2.5,4.5,4,1,1,1.5,1.5,12,
88,Shaedon Sharpe,21,POR,SG,47,31,30.2,6.4,14.4,0.443,1.9,6.1,0.309,4.5,8.2,0.543,0.509,2.5,3.1,0.801,0.7,3.1,3.8,2.5,0.8,0.2,1.8,1.8,17.1,
89,Jordan Clarkson,32,UTA,SG,30,7,26.3,5.7,13.7,0.417,2.4,6.3,0.379,3.3,7.4,0.45,0.505,3.1,3.9,0.803,0.6,2.7,3.3,3.9,0.8,0.3,2.1,1.6,17,
90,Jonathan Kuminga,22,GSW,PF,32,10,26,6.1,13.2,0.459,1.3,3.6,0.345,4.8,9.6,0.502,0.506,3.4,5.3,0.639,1.4,3.6,5,2.2,0.9,0.6,1.6,1.9,16.8,
91,Bam Adebayo,27,MIA,C,51,51,34,6.5,13.7,0.471,0.8,2.6,0.299,5.7,11.1,0.512,0.5,3,4.1,0.733,2.6,7.5,10.1,4.5,1.2,0.8,2.2,2.2,16.7,
92,Bennedict Mathurin,22,IND,SF,51,44,31.5,5.8,12.3,0.475,1.5,4.2,0.355,4.4,8.1,0.536,0.535,3.4,4.2,0.818,1.3,4.4,5.7,1.9,0.6,0.4,1.9,2.4,16.6,
93,Malik Beasley,28,DET,SG,55,12,27.6,5.8,13.2,0.438,3.9,9.4,0.418,1.8,3.8,0.488,0.587,1.1,1.6,0.667,0.6,2.3,2.9,1.7,1,0,1,1.5,16.5,
94,OG Anunoby,27,NYK,PF,49,49,36.3,6.2,12.8,0.482,2.1,5.8,0.365,4.1,7,0.577,0.564,1.9,2.4,0.792,1.3,3.4,4.7,2,1.4,0.9,1.3,2.3,16.4,
95,Keyonte George,21,UTA,PG,44,32,31.6,5.3,13.5,0.395,2.5,7.5,0.334,2.8,5.9,0.471,0.488,3.3,4,0.818,0.4,3.2,3.6,6,0.7,0.2,2.9,1.8,16.4,
96,Kawhi Leonard,33,LAC,SF,15,15,26,6.5,14.1,0.464,1.5,4.3,0.359,5,9.8,0.51,0.519,1.7,2.1,0.813,0.6,4,4.6,2.7,1,0.5,2.1,1.3,16.3,
97,Jalen Suggs,23,ORL,PG,35,35,28.6,5.6,13.7,0.41,2.2,6.9,0.314,3.5,6.8,0.506,0.489,2.8,3.1,0.882,0.7,3.4,4,3.7,1.5,0.9,2.9,2.8,16.2,
98,Paul George,34,PHI,PF,35,35,32.1,5.9,13.9,0.426,2.3,6.5,0.363,3.6,7.4,0.481,0.51,2,2.4,0.821,0.6,4.7,5.3,4.4,1.8,0.5,2.6,2.5,16.1,
99,Derrick White,30,BOS,SG,52,52,33.7,5.5,12.5,0.441,3.3,8.8,0.378,2.2,3.7,0.592,0.574,1.8,2.1,0.838,0.9,3.3,4.2,4.3,0.8,1.1,1.6,1.8,16.1,
100,Damion Baugh,24,CHO,SG,1,0,27,5,8,0.625,2,4,0.5,3,4,0.75,0.75,4,4,1,0,5,5,3,1,0,2,3,16,
101,Devin Vassell,24,SAS,SG,37,26,30.5,6.1,13.9,0.437,2.3,6.4,0.354,3.8,7.5,0.507,0.518,1.5,2,0.753,0.6,2.9,3.5,2.9,1.2,0.5,1.5,1.5,15.9,
102,Mark Williams,23,CHO,C,23,20,25,6.1,10.4,0.586,0,0,0,6.1,10.3,0.588,0.586,3.4,4.3,0.78,3.3,6.3,9.6,2.5,0.7,1.2,1,2.6,15.6,
103,Kyle Kuzma,29,2TM,PF,36,33,28.3,5.9,14.1,0.42,1.4,4.9,0.275,4.6,9.1,0.498,0.468,2.1,3.4,0.618,0.8,5.3,6.1,2.5,0.6,0.2,2.3,1.8,15.3,
104,Kyle Kuzma,29,WAS,PF,32,30,27.7,6,14.2,0.42,1.4,5,0.281,4.6,9.2,0.495,0.469,1.8,3.1,0.602,0.8,4.9,5.8,2.5,0.6,0.2,2.3,1.6,15.2,
105,Kyle Kuzma,29,MIL,PF,4,3,33.3,5.5,13,0.423,1,4.5,0.222,4.5,8.5,0.529,0.462,4.3,6.3,0.68,0.8,7.8,8.5,2.5,0.5,0.3,2.8,2.8,16.3,
106,Jared McCain,20,PHI,SG,23,8,25.7,5.5,11.9,0.46,2.2,5.8,0.383,3.3,6.1,0.532,0.553,2.1,2.4,0.875,0.6,1.9,2.4,2.6,0.7,0,1.6,1.6,15.3,
107,Immanuel Quickley,25,TOR,PG,16,16,26.9,4.9,11.7,0.422,2.2,5.9,0.372,2.8,5.8,0.473,0.516,3.2,3.5,0.911,0.4,2.3,2.6,5.6,0.5,0.1,2,1.6,15.3,
108,Ivica Zubac,27,LAC,C,52,52,31.9,6.8,11,0.611,0,0,,6.8,11,0.611,0.611,1.7,2.7,0.627,3.8,8.8,12.6,2.5,0.8,1.1,1.7,2,15.2,
109,Myles Turner,28,IND,C,46,46,30.6,5.4,11.3,0.475,2,5.1,0.398,3.3,6.2,0.539,0.565,2.3,3.1,0.752,1.3,5.3,6.6,1.5,0.8,1.8,1.9,2.8,15.1,
110,Christian Braun,23,DEN,SG,54,52,33.1,5.9,10.1,0.578,1,2.6,0.373,4.9,7.5,0.649,0.626,2.3,2.8,0.828,1.3,3.8,5.1,2.2,1.1,0.6,1,2.2,15,
111,Gradey Dick,21,TOR,SG,48,48,29.5,5.1,12.4,0.414,2.1,6.2,0.345,3,6.3,0.482,0.499,2.6,3,0.881,0.8,2.6,3.4,1.8,0.9,0.2,1.5,2.3,15,
112,Jerami Grant,30,POR,PF,41,41,32.4,4.7,12.2,0.383,2.3,6.1,0.371,2.4,6.1,0.396,0.476,3,3.6,0.856,0.6,2.7,3.3,2.2,0.8,1,1.3,2.3,14.7,
113,Josh Hart,29,NYK,SG,53,53,37.8,5.7,10.2,0.556,1.1,3.3,0.337,4.5,6.9,0.66,0.61,2.3,2.8,0.812,2.2,7.4,9.6,5.7,1.5,0.4,2,2.7,14.7,
114,Chet Holmgren,22,OKC,C,13,13,26.3,5,10.2,0.489,1.3,3.5,0.378,3.7,6.8,0.545,0.553,3.4,4.5,0.746,1.5,6.9,8.5,1.8,1,2.8,2.2,2,14.7,
115,Fred VanVleet,30,HOU,PG,45,45,35.5,5,13,0.387,2.7,7.8,0.344,2.4,5.3,0.45,0.489,1.9,2.3,0.824,0.7,3.2,3.9,5.8,1.6,0.4,1.6,2.4,14.6,
116,Deni Avdija,24,POR,SF,52,34,28.7,4.8,10.4,0.459,1.5,4.4,0.339,3.3,6.1,0.544,0.529,3.4,4.4,0.778,1.2,5.1,6.3,3.4,1,0.5,2.5,2.3,14.5,
117,Kelly Oubre Jr.,29,PHI,SF,51,48,34.7,5.6,12,0.465,1.2,4,0.288,4.4,8,0.554,0.513,2.2,2.9,0.755,1.6,4.8,6.5,1.8,1.5,0.5,1.3,2.9,14.5,
118,Naz Reid,25,MIN,C,55,8,26.7,5.4,11.1,0.484,2.2,5.5,0.407,3.1,5.6,0.56,0.585,1.5,1.9,0.794,1.1,4.6,5.6,2,0.7,0.9,1.2,2.3,14.5,
119,Deandre Ayton,26,POR,C,40,40,30.2,6.6,11.7,0.566,0.2,0.8,0.188,6.5,10.9,0.594,0.573,1,1.5,0.667,3.1,7.1,10.2,1.6,0.8,1,1.7,2.2,14.4,
120,Jakob Poeltl,29,TOR,C,45,44,30.9,6.2,10.2,0.61,0,0,0,6.2,10.2,0.613,0.61,1.7,2.6,0.658,3.5,6.6,10.1,2.8,1.2,1.3,1.9,3.3,14.2,
121,P.J. Washington,26,DAL,PF,43,42,32.6,5.1,11.7,0.437,1.6,4.2,0.378,3.5,7.5,0.47,0.505,2.5,3.3,0.757,1.6,6.6,8.2,2.3,1.2,1,1.9,2.4,14.2,
122,Tre Mann,23,CHO,PG,13,0,24.5,5.4,12.4,0.435,1.8,4.6,0.4,3.5,7.8,0.455,0.509,1.5,1.6,0.905,0.9,2,2.9,3,0.5,0.3,1.9,1.8,14.1,
123,Dennis Schröder,31,3TM,PG,50,41,29,4.9,11.9,0.413,2,5.5,0.359,3,6.4,0.46,0.496,2.1,2.5,0.847,0.3,2.3,2.6,5.4,1,0.1,2.2,2.5,13.9,
124,Dennis Schröder,31,BRK,PG,23,23,33.6,6.4,14.1,0.452,2.5,6.5,0.387,3.9,7.6,0.509,0.542,3.1,3.5,0.889,0.2,2.8,3,6.6,1.1,0.2,2.6,2.4,18.4,
125,Dennis Schröder,31,GSW,SG,24,18,26.2,3.9,10.5,0.375,1.5,4.8,0.322,2.4,5.7,0.419,0.448,1.2,1.6,0.744,0.4,1.9,2.3,4.4,1,0.1,2,2.8,10.6,
126,Dennis Schröder,31,DET,PG,3,0,16.3,1.7,6.3,0.263,1,2.7,0.375,0.7,3.7,0.182,0.342,1.3,1.3,1,0,1.3,1.3,3.7,0.3,0,1,1,5.7,
127,Dyson Daniels,21,ATL,SG,50,50,34,5.8,12.2,0.474,1.1,3.4,0.333,4.7,8.9,0.527,0.52,1.2,1.9,0.617,1.7,3.8,5.4,4,3,0.8,1.8,2.5,13.9,
128,Klay Thompson,34,DAL,SF,48,48,27.3,5,12,0.417,3,7.8,0.391,2,4.3,0.463,0.543,0.8,0.9,0.902,0.6,2.9,3.5,2,0.8,0.5,1.4,1.3,13.9,
129,Payton Pritchard,27,BOS,PG,54,0,27.9,4.9,10.4,0.468,3.1,7.7,0.411,1.7,2.7,0.628,0.619,0.9,1.1,0.836,1.4,2.5,3.9,3.5,0.9,0.2,1,1.6,13.8,
130,Bobby Portis,29,MIL,PF,46,7,25.2,5.6,12.1,0.463,1.3,3.6,0.364,4.3,8.5,0.505,0.517,1.2,1.5,0.821,1.8,6.5,8.3,2.2,0.7,0.5,1.2,1.9,13.7,
131,Amen Thompson,22,HOU,SF,52,25,31.9,5.3,9.7,0.543,0.3,1.3,0.254,4.9,8.4,0.587,0.559,2.8,4,0.707,2.7,5.4,8.1,3.4,1.4,1.3,2.2,2.3,13.7,
132,Jarrett Allen,26,CLE,C,54,54,28.9,5.5,7.9,0.7,0,0.1,0,5.5,7.9,0.705,0.7,2.5,3.4,0.753,2.7,7.7,10.3,2.1,0.9,1,1.2,1.5,13.6,
133,Dillon Brooks,29,HOU,SF,52,52,32.3,4.9,11.8,0.413,2.4,6.1,0.389,2.5,5.7,0.439,0.514,1.5,1.8,0.835,1.2,2.6,3.8,1.5,0.8,0.2,1,3.5,13.6,
134,Tobias Harris,32,DET,PF,53,53,31.9,5.2,11.2,0.461,1.2,3.8,0.325,3.9,7.5,0.529,0.515,1.9,2.2,0.872,0.9,5,5.9,2.2,0.9,0.8,1.1,1.8,13.5,
135,Rui Hachimura,26,LAL,PF,45,45,32,5.1,9.9,0.51,1.7,3.9,0.434,3.4,6,0.559,0.595,1.5,2,0.784,1.4,3.7,5.2,1.4,0.8,0.5,0.9,1.9,13.4,
136,D'Angelo Russell,28,2TM,PG,45,23,25.6,4.5,11.1,0.406,2,6,0.331,2.5,5.1,0.493,0.495,2.2,2.5,0.867,0.3,2.5,2.8,5.1,1,0.4,1.9,1.9,13.1,
137,D'Angelo Russell,28,LAL,PG,29,10,26.3,4.4,10.7,0.415,1.9,5.8,0.333,2.5,4.9,0.51,0.505,1.6,1.8,0.849,0.3,2.5,2.8,4.7,0.8,0.1,1.7,1.8,12.4,
138,D'Angelo Russell,28,BRK,PG,16,13,24.4,4.6,11.7,0.39,2.1,6.3,0.327,2.5,5.4,0.465,0.479,3.3,3.8,0.883,0.4,2.6,3,5.8,1.3,0.8,2.3,2.1,14.5,
139,Russell Westbrook,36,DEN,PG,48,27,27.7,4.9,10.3,0.477,1.1,3.5,0.331,3.8,6.8,0.55,0.532,2,3.2,0.641,1.4,3.7,5.1,6.4,1.5,0.5,3,2.5,13,
140,Stephon Castle,20,SAS,PG,51,29,25.5,4.6,11,0.42,1.1,3.9,0.289,3.5,7.1,0.49,0.471,2.5,3.5,0.734,0.8,2,2.8,3.5,0.9,0.3,1.9,1.7,12.9,
141,Moritz Wagner,27,ORL,C,30,1,18.8,4.7,8.3,0.562,0.9,2.5,0.36,3.8,5.8,0.649,0.616,2.6,3.7,0.718,1.3,3.6,4.9,1.4,0.8,0.4,1.6,1.8,12.9,
142,Santi Aldama,24,MEM,PF,46,11,24.5,5,10.1,0.494,1.8,4.7,0.386,3.2,5.4,0.586,0.583,1.1,1.5,0.721,1.6,5,6.7,2.6,0.8,0.5,1.1,1,12.8,
143,Malcolm Brogdon,32,WAS,PG,24,13,23.5,4.3,10,0.433,0.7,2.3,0.286,3.7,7.7,0.478,0.467,3.4,3.8,0.88,0.9,2.9,3.8,4.1,0.5,0.2,1.6,1.3,12.7,
144,Khris Middleton,33,MIL,SF,23,7,23.2,4.7,9.2,0.512,1.5,3.7,0.407,3.2,5.4,0.584,0.595,1.7,2,0.848,0.2,3.5,3.7,4.4,0.7,0.2,1.6,2.3,12.6,
145,Ayo Dosunmu,25,CHI,SG,44,26,30.5,4.9,9.8,0.495,1.4,4.1,0.335,3.5,5.7,0.612,0.566,1.4,1.8,0.792,0.6,2.8,3.4,4.6,0.9,0.4,1.5,2.3,12.5,
146,Bilal Coulibaly,20,WAS,SF,50,50,33.4,4.4,10.7,0.417,1.1,3.9,0.282,3.3,6.8,0.494,0.468,2.4,3.2,0.752,1.5,3.6,5.1,3.5,1.3,0.7,2.1,2.4,12.4,
147,Scoot Henderson,20,POR,PG,47,9,26.5,4.2,9.8,0.434,1.5,4,0.365,2.8,5.7,0.481,0.509,2.5,3.1,0.789,0.7,2.3,3,5.3,1.1,0.3,2.6,2.6,12.4,
148,Terry Rozier,30,MIA,PG,47,21,28.5,4.6,11.2,0.407,1.6,5.3,0.306,2.9,5.9,0.496,0.479,1.6,1.9,0.856,0.8,3.3,4.1,2.9,0.6,0.3,1.4,1.4,12.4,
149,Daniel Gafford,26,DAL,C,51,28,21.9,5,7.1,0.699,0,0,,5,7.1,0.699,0.699,2.4,3.4,0.699,2.7,4.1,6.9,1.4,0.4,1.9,1.2,2.7,12.3,
150,Josh Giddey,22,CHI,PG,51,51,28.7,4.6,10.2,0.446,1.3,3.9,0.345,3.2,6.4,0.508,0.511,1.7,2.2,0.754,1.6,5.5,7.1,6.4,1.1,0.6,2.7,1.7,12.2,
151,Aaron Gordon,29,DEN,PF,32,23,26.5,4.2,8.4,0.502,1.1,2.7,0.414,3.1,5.7,0.544,0.569,2.6,3.2,0.796,1.5,3.3,4.8,3.2,0.5,0.3,1.3,1.5,12.1,
152,Brook Lopez,36,MIL,C,52,52,31.8,4.6,9.6,0.475,1.8,5,0.368,2.7,4.6,0.592,0.571,1.2,1.4,0.822,1.2,3.6,4.7,1.7,0.7,1.9,1,2.2,12.1,
153,Onyeka Okongwu,24,ATL,C,48,14,25.5,4.8,8.4,0.573,0.4,1.6,0.273,4.4,6.8,0.643,0.599,2,2.8,0.731,2.8,5.2,8,2.1,0.9,0.9,1,2.4,12.1,
154,Keegan Murray,24,SAC,PF,52,52,35,4.7,10.7,0.435,1.8,5.6,0.322,2.8,5.1,0.561,0.52,0.9,1.1,0.821,2.1,5,7.1,1.5,0.8,0.9,0.9,2.6,12,
155,Daeqwon Plowden,26,ATL,SG,2,0,16.5,4,5,0.8,3,4,0.75,1,1,1,1.1,1,1,1,1.5,1,2.5,0,0,0,0.5,2.5,12,
156,Harrison Barnes,32,SAS,PF,52,52,28,4.1,8.1,0.502,1.6,3.9,0.418,2.5,4.3,0.579,0.602,2.1,2.6,0.807,1.5,2.7,4.2,1.8,0.4,0.2,0.6,1,11.9,
157,Jabari Smith Jr.,21,HOU,PF,33,33,30.9,4.1,9.5,0.435,1.7,4.8,0.354,2.4,4.7,0.516,0.524,2,2.3,0.867,1.8,4.7,6.5,1,0.4,1,0.9,2.3,11.9,
158,Corey Kispert,25,WAS,SF,49,0,26.8,4.3,9.5,0.457,2,5.5,0.363,2.3,4,0.588,0.563,1.1,1.3,0.871,0.7,2.4,3.1,1.6,0.5,0.2,1.1,1.6,11.8,
159,Dante Exum,29,DAL,PG,7,5,19.7,4.4,7.9,0.564,1.1,2.4,0.471,3.3,5.4,0.605,0.636,1.7,2.7,0.632,0.3,1.4,1.7,3.7,0.7,0.1,1,1.6,11.7,
160,Jeremy Sochan,21,SAS,PF,33,19,26.1,4.7,8.7,0.545,0.5,1.4,0.34,4.2,7.2,0.586,0.573,1.7,2.4,0.722,2.5,4.7,7.2,2.5,0.9,0.5,1.7,2.4,11.7,
161,Tari Eason,23,HOU,PF,36,4,24.2,4.5,9.3,0.483,1,2.9,0.349,3.4,6.3,0.546,0.539,1.5,2.1,0.743,2.2,4.1,6.3,1.2,1.9,0.9,0.9,2.4,11.5,
162,Buddy Hield,32,GSW,SG,55,22,23.6,4.1,10.2,0.407,2.5,7,0.363,1.6,3.2,0.503,0.531,0.7,0.8,0.822,0.6,2.8,3.3,1.6,0.9,0.3,1.2,1.8,11.5,
163,Keldon Johnson,25,SAS,SF,49,0,23.2,4.3,9.5,0.452,1.1,3.6,0.303,3.2,5.9,0.541,0.509,1.9,2.4,0.771,1.3,3.2,4.5,1.4,0.6,0.2,0.9,1.4,11.5,
164,Jaden McDaniels,24,MIN,PF,56,56,31.8,4.5,9.6,0.469,1.3,3.8,0.338,3.2,5.8,0.554,0.535,1.1,1.4,0.8,1.5,4,5.6,1.8,1.4,0.9,1.1,3,11.5,
165,Ty Jerome,27,CLE,SG,50,2,19.1,4.2,8.1,0.516,1.5,3.4,0.427,2.7,4.6,0.582,0.607,1.6,1.8,0.898,0.7,1.7,2.5,3.4,1.2,0,1.2,1.4,11.4,
166,Zaccharie Risacher,19,ATL,SF,48,46,23.8,4.3,9.9,0.433,1.3,4.1,0.317,3,5.8,0.516,0.499,1.5,2.2,0.712,1.2,2.1,3.3,1.2,0.8,0.5,1.1,2,11.4,
167,Alex Sarr,19,WAS,C,42,42,26.9,4.3,11,0.393,1.4,4.6,0.308,2.9,6.3,0.455,0.458,1.4,2.1,0.64,1.8,4.8,6.6,2.2,0.6,1.6,1.4,2.3,11.4,
168,Walker Kessler,23,UTA,C,42,42,30.4,4.9,6.8,0.718,0,0.1,0.333,4.9,6.7,0.726,0.721,1.5,2.7,0.554,4.5,7.3,11.8,1.5,0.6,2.4,1.5,2.2,11.3,
169,Naji Marshall,27,DAL,SF,43,14,24.9,4.5,8.8,0.509,0.9,2.9,0.315,3.6,5.9,0.605,0.561,1.4,1.7,0.845,1,2.9,3.8,2.6,1,0.1,1.4,1.6,11.2,
170,Jaylen Wells,21,MEM,SG,54,49,25.8,4,8.9,0.446,1.9,4.9,0.376,2.1,4,0.532,0.55,1.4,1.7,0.833,1.1,2.1,3.2,1.7,0.6,0.1,0.9,1.9,11.2,
171,Jonas Valančiūnas,32,2TM,C,54,12,19.6,4.5,8.3,0.546,0.1,0.5,0.259,4.4,7.8,0.564,0.554,1.9,2.2,0.873,2.4,5.5,7.9,2.1,0.4,0.6,1.7,2.1,11.1,
172,Jonas Valančiūnas,32,WAS,C,49,12,20.1,4.7,8.6,0.547,0.1,0.6,0.259,4.6,8.1,0.567,0.556,1.9,2.2,0.896,2.4,5.8,8.2,2.2,0.4,0.6,1.8,2,11.5,
173,Jonas Valančiūnas,32,SAC,C,5,0,15.4,2.6,5,0.52,0,0,,2.6,5,0.52,0.52,1.6,2.4,0.667,2.4,2.4,4.8,1.2,0.4,0.6,1.2,3.2,6.8,
174,Isaiah Hartenstein,26,OKC,C,34,33,29,4.8,8.5,0.566,0,0.4,0,4.8,8.1,0.592,0.566,1.5,2.3,0.646,3.2,8.7,11.9,3.9,0.8,1.1,1.9,2.9,11.1,
175,Tyus Jones,28,PHO,PG,53,53,29.6,4.1,9.1,0.454,2.1,5.1,0.407,2.1,4,0.514,0.567,0.8,0.9,0.872,0.6,1.9,2.5,6,0.9,0.1,1.4,1,11.1,
176,Guerschon Yabusele,29,PHI,C,51,27,26.6,4.1,7.9,0.516,1.5,3.9,0.401,2.5,4,0.626,0.614,1.4,1.8,0.742,1.9,3.7,5.5,2,0.8,0.4,1.3,2.5,11.1,
177,Grayson Allen,29,PHO,SG,43,3,25,3.5,7.9,0.448,2.5,5.9,0.433,1,2,0.494,0.609,1.4,1.7,0.836,0.6,2.7,3.4,2.1,1,0.3,1,1.4,11,
178,Donte DiVincenzo,28,MIN,SG,40,8,26.4,3.7,9.3,0.397,2.6,7,0.369,1.1,2.4,0.479,0.535,1,1.3,0.82,0.6,3.1,3.7,3.6,1.2,0.2,1.8,1.6,11,
179,Rudy Gobert,32,MIN,C,55,55,33.3,4.3,6.5,0.653,0,0,,4.3,6.5,0.653,0.653,2.4,3.6,0.68,3.5,6.9,10.4,1.8,0.7,1.5,1.4,2.4,11,
180,Jrue Holiday,34,BOS,PG,44,44,30.2,4,9.1,0.438,1.8,5.1,0.342,2.3,4,0.559,0.534,1.2,1.4,0.9,1.1,3.3,4.4,3.7,1,0.4,1.3,1.6,11,
181,Nikola Jović,21,MIA,PF,44,10,25.1,3.8,8.3,0.454,1.7,4.6,0.373,2,3.7,0.556,0.557,1.6,2,0.828,0.6,3.4,3.9,2.9,0.8,0.3,1.4,1.7,10.9,
182,Aaron Wiggins,26,OKC,SG,54,19,22.1,4.3,8.6,0.498,1.5,4,0.381,2.8,4.6,0.601,0.587,0.8,0.9,0.854,1.1,2.6,3.7,1.6,0.8,0.2,0.9,1.3,10.9,
183,Jalen Duren,21,DET,C,52,52,25.7,4.5,6.5,0.694,0,0,,4.5,6.5,0.694,0.694,1.8,2.6,0.686,3.6,6.6,10.2,2.5,0.7,1.2,1.9,3.2,10.8,
184,Quentin Grimes,24,2TM,SG,51,13,23.5,3.8,8.1,0.465,1.7,4.5,0.39,2,3.7,0.556,0.572,1.4,1.9,0.758,0.7,3.3,4,2.3,0.7,0.3,1.3,1.7,10.7,
185,Quentin Grimes,24,DAL,SG,47,12,22.8,3.6,7.8,0.463,1.7,4.3,0.398,1.9,3.5,0.543,0.573,1.3,1.7,0.765,0.6,3.2,3.8,2.1,0.7,0.2,1.3,1.7,10.2,
186,Quentin Grimes,24,PHI,SG,4,1,32.8,6,12.5,0.48,2.3,6.8,0.333,3.8,5.8,0.652,0.57,2.5,3.5,0.714,1.8,4.5,6.3,3.8,1,0.8,1,1.8,16.8,
187,Brandon Boston Jr.,23,NOP,SG,42,10,23.6,4,9.1,0.436,1.2,3.3,0.35,2.8,5.7,0.485,0.5,1.6,2,0.788,0.7,2.5,3.2,2.2,1.3,0.2,1.2,1.7,10.7,
188,Duncan Robinson,30,MIA,SF,50,30,24.1,3.8,9,0.42,2.5,6.5,0.378,1.3,2.5,0.528,0.557,0.7,0.8,0.895,0.3,2,2.3,2.7,0.5,0.1,1.1,2,10.7,
189,Caris LeVert,30,2TM,SG,41,3,24.1,3.7,8,0.46,1.6,4,0.405,2.1,4,0.515,0.561,1.6,2.3,0.705,0.7,2.5,3.1,3.6,0.8,0.5,1.3,1.4,10.6,
190,Caris LeVert,30,CLE,SF,38,3,23.8,3.6,7.8,0.453,1.6,3.9,0.405,2,3.9,0.5,0.554,1.5,2.2,0.699,0.6,2.2,2.8,3.7,0.9,0.5,1.3,1.3,10.2,
191,Caris LeVert,30,ATL,SG,3,0,27.7,5.3,10,0.533,2,5,0.4,3.3,5,0.667,0.633,3,4,0.75,1.7,5.3,7,3,0,1,0.7,3.7,15.7,
192,Jordan Hawkins,22,NOP,SG,37,5,23,3.6,9.8,0.365,1.9,5.7,0.333,1.7,4.2,0.409,0.462,1.5,1.8,0.838,0.4,2.1,2.4,1.1,0.6,0.4,0.9,0.8,10.6,
193,Spencer Dinwiddie,31,DAL,PG,54,19,25.3,3.4,8,0.42,1.4,4,0.349,2,4,0.491,0.507,2.4,2.9,0.838,0.2,2.2,2.4,3.7,0.9,0.2,1.2,1.5,10.5,
194,Tim Hardaway Jr.,32,DET,SG,51,51,28.4,3.4,8.4,0.408,2.1,5.6,0.374,1.3,2.8,0.476,0.533,1.6,1.9,0.825,0.2,2.1,2.3,1.6,0.5,0.1,0.7,1.3,10.5,
195,Andrew Nembhard,25,IND,SG,37,37,28.4,3.9,8.3,0.468,0.8,2.4,0.322,3.1,6,0.525,0.513,1.9,2.5,0.783,0.5,2.7,3.3,4.9,1.3,0.1,1.8,2.4,10.5,
196,Ochai Agbaji,24,TOR,SG,49,37,27.8,4.2,8.2,0.509,1.5,3.9,0.393,2.6,4.3,0.614,0.602,0.6,0.9,0.667,0.9,2.9,3.8,1.6,0.8,0.6,0.8,1.9,10.4,
197,Amir Coffey,27,LAC,SG,52,11,25.9,3.6,7.5,0.476,1.6,3.7,0.428,2,3.8,0.523,0.582,1.7,1.8,0.906,0.5,1.9,2.4,1.1,0.6,0.1,0.7,1.7,10.4,
198,Derrick Jones Jr.,27,LAC,SF,52,48,25.1,4.2,8.1,0.518,1,2.8,0.368,3.2,5.3,0.596,0.581,1,1.4,0.75,1.3,2.3,3.6,0.9,1.2,0.4,0.9,2.1,10.4,
199,Grant Williams,26,CHO,PF,16,7,29.9,3.4,7.7,0.439,1.7,4.6,0.365,1.7,3.1,0.551,0.549,1.9,2.3,0.838,1.1,4,5.1,2.3,1.1,0.8,1.8,2.9,10.4,
200,Herbert Jones,26,NOP,SF,20,20,32.4,3.8,8.6,0.436,1.1,3.6,0.306,2.7,5,0.53,0.5,1.7,2,0.825,1.1,2.8,3.9,3.3,1.9,0.5,1.8,3.3,10.3,
201,De'Anthony Melton,26,GSW,SG,6,2,20.2,3.7,9,0.407,2.2,5.8,0.371,1.5,3.2,0.474,0.528,0.8,1.3,0.625,1,2.3,3.3,2.8,1.2,0.3,1.7,3,10.3,
202,Obi Toppin,26,IND,PF,50,0,19.4,4,7.4,0.537,1.3,3.5,0.356,2.7,3.8,0.703,0.622,1.2,1.5,0.795,0.7,3.4,4.1,1.5,0.6,0.4,0.7,1.4,10.3,
203,Gary Trent Jr.,26,MIL,SG,48,7,25.1,3.6,8.3,0.438,2.3,5.4,0.429,1.3,2.8,0.456,0.579,0.8,0.9,0.837,0.2,2.1,2.4,1.1,1,0.1,0.6,1.9,10.3,
204,Chris Boucher,32,TOR,PF,46,0,17.3,3.7,7.5,0.491,1.4,3.9,0.365,2.2,3.5,0.632,0.587,1.4,1.7,0.788,1.3,3.1,4.4,0.6,0.5,0.5,0.6,1.4,10.2,
205,Toumani Camara,24,POR,PF,53,53,32.3,3.8,8.5,0.444,1.5,4.1,0.356,2.3,4.4,0.526,0.53,1.1,1.5,0.747,2.3,3.6,5.9,2,1.4,0.6,1.5,3,10.1,
206,Nic Claxton,25,BRK,C,47,39,26.6,4.4,8.1,0.546,0,0.3,0.071,4.4,7.8,0.564,0.547,1.2,2.3,0.537,2.1,5.4,7.5,2,0.9,1.4,1.2,2,10.1,
207,Jose Alvarado,26,NOP,PG,31,11,23.2,3.4,8.3,0.412,2.2,5.5,0.398,1.2,2.8,0.442,0.545,1,1.2,0.811,0.5,1.6,2.1,4.4,1.4,0.3,1.2,1.9,10,
208,Luguentz Dort,25,OKC,SF,50,50,29,3.5,8.2,0.431,2.3,5.6,0.41,1.2,2.6,0.477,0.571,0.7,0.8,0.825,1.4,2.8,4.2,1.6,1.1,0.6,0.7,3.1,10,
209,Jordan Goodwin,26,LAL,PG,3,0,21.3,4.3,7.3,0.591,1,2.3,0.429,3.3,5,0.667,0.659,0.3,0.3,1,2,3.3,5.3,1.3,1,0,0.7,2.3,10,
210,Julian Champagnie,23,SAS,SF,52,26,24.7,3.4,8.2,0.418,2.2,6,0.362,1.3,2.2,0.57,0.55,0.9,1,0.906,0.8,3.2,4,1.2,0.8,0.4,1,1.4,9.9,
211,Keon Johnson,22,BRK,SG,52,32,23.3,3.6,9.6,0.372,1.5,5,0.293,2.1,4.6,0.456,0.448,1.3,1.6,0.783,0.8,2.8,3.5,1.9,0.9,0.3,1.2,2.5,9.9,
212,Bogdan Bogdanović,32,2TM,SG,26,0,24.6,3.4,9.2,0.374,1.8,5.9,0.299,1.7,3.2,0.512,0.471,1.2,1.3,0.882,0.5,2.2,2.7,2,0.9,0.2,1.5,2.3,9.8,
213,Bogdan Bogdanović,32,ATL,SG,24,0,24.9,3.5,9.3,0.371,1.8,6.1,0.301,1.6,3.3,0.5,0.469,1.3,1.4,0.882,0.5,2.3,2.8,2,0.8,0.3,1.5,2.4,10,
214,Bogdan Bogdanović,32,LAC,SG,2,0,20.5,3,7,0.429,1,4,0.25,2,3,0.667,0.5,0,0,,0.5,1,1.5,1.5,2,0,1,2,7,
215,GG Jackson II,20,MEM,PF,12,0,17.8,3.5,8.3,0.42,1.3,4.2,0.32,2.2,4.2,0.52,0.5,1.5,2.2,0.692,1.2,2.5,3.7,1,0.5,0.2,1.4,0.9,9.8,
216,T.J. McConnell,32,IND,PG,52,0,18.6,4.4,8.6,0.519,0.2,0.6,0.25,4.3,7.9,0.54,0.528,0.8,1.1,0.732,0.5,2,2.5,4.6,1.2,0.3,1.5,1,9.8,
217,Svi Mykhailiuk,27,UTA,SF,22,12,20,3.5,8.6,0.402,2.1,6.1,0.343,1.4,2.5,0.545,0.524,0.8,1,0.783,0.5,2,2.5,1.7,0.7,0.3,1.6,1.3,9.8,
218,Brandin Podziemski,21,GSW,SG,42,11,25.3,3.6,8.4,0.429,1.3,4.1,0.32,2.3,4.3,0.533,0.507,1.1,1.5,0.738,1,3.7,4.7,3.5,1.1,0.2,1.1,1.5,9.7,
219,Royce O'Neale,31,PHO,SF,48,15,25.8,3.4,8,0.427,2.4,5.9,0.411,1,2.1,0.47,0.579,0.4,0.5,0.773,0.8,4.2,5,2.1,1,0.5,0.9,2.2,9.6,
220,Julian Strawther,22,DEN,SG,55,4,22.6,3.4,7.9,0.434,1.6,4.4,0.364,1.8,3.5,0.523,0.536,1.1,1.4,0.827,0.3,2,2.3,1.3,0.7,0.3,0.9,2.5,9.6,
221,Cam Whitmore,20,HOU,SF,36,0,17.5,3.6,8.7,0.414,1.3,4.1,0.313,2.3,4.6,0.503,0.487,1.1,1.5,0.727,0.7,2.5,3.2,0.9,0.7,0.3,1,1.1,9.6,
222,Max Christie,21,2TM,SG,52,27,26.2,3.1,6.9,0.453,1.4,3.8,0.383,1.7,3.2,0.537,0.557,1.8,2.1,0.845,0.6,2.4,3,1.7,0.8,0.5,1,1.6,9.5,
223,Max Christie,21,LAL,SG,46,25,25.1,2.8,6.3,0.444,1.3,3.5,0.368,1.5,2.7,0.544,0.549,1.6,1.9,0.851,0.5,2.1,2.7,1.4,0.8,0.5,0.8,1.6,8.5,
224,Max Christie,21,DAL,SG,6,2,34.5,5.8,12,0.486,2.5,5.5,0.455,3.3,6.5,0.513,0.59,3.2,3.8,0.826,0.8,4.3,5.2,3.5,1.2,0.7,2,1.7,17.3,
225,Zach Edey,22,MEM,C,40,33,20.6,3.9,6.7,0.582,0.4,1,0.35,3.6,5.7,0.623,0.608,1.3,1.9,0.684,3.2,4.4,7.6,0.9,0.7,1.2,1.4,2.6,9.5,
226,Tosan Evbuomwan,23,BRK,SF,20,0,24.3,3.5,7.8,0.442,0.8,2.6,0.294,2.7,5.3,0.514,0.49,1.8,2.5,0.735,1.2,2.9,4.1,1.7,0.8,0.4,1.6,1.9,9.5,
227,Isaiah Joe,25,OKC,SG,49,11,21.3,3.3,7.8,0.43,2.4,6.1,0.395,0.9,1.7,0.561,0.585,0.4,0.6,0.7,0.5,2,2.5,1.4,0.7,0.1,0.5,1.7,9.5,
228,Scotty Pippen Jr.,24,MEM,PG,54,16,20.7,3.5,7.4,0.471,1,2.7,0.358,2.5,4.7,0.538,0.537,1.5,2.2,0.678,0.8,2.6,3.3,4.4,1.2,0.4,1.8,2.5,9.5,
229,Clint Capela,30,ATL,C,45,41,22.4,4.2,7.3,0.573,0,0,,4.2,7.3,0.573,0.573,1,1.9,0.541,3.3,5.7,9,1.2,0.6,1,1,2,9.4,
230,Noah Clowney,20,BRK,PF,37,18,23.1,3,8.1,0.375,2,5.6,0.354,1,2.4,0.422,0.498,1.4,1.6,0.85,0.9,3,3.9,0.8,0.5,0.5,1,2.4,9.4,
231,Luke Kennard,28,MEM,SG,41,7,22,3.2,6.7,0.471,2.1,4.4,0.478,1.1,2.3,0.458,0.627,0.9,1,0.884,0.6,2.3,2.9,3.3,0.7,0.1,1.1,0.8,9.4,
232,Dalton Knecht,23,LAL,SF,49,12,20.6,3.4,7.3,0.464,1.6,4.5,0.36,1.8,2.8,0.63,0.575,1,1.2,0.814,0.5,2.5,3,0.9,0.3,0.1,0.5,1.3,9.4,
233,Ziaire Williams,23,BRK,SF,40,23,23.6,3.1,7.9,0.398,1.3,4,0.325,1.8,3.9,0.474,0.481,1.8,2.2,0.818,1.1,3.7,4.8,1.5,1,0.4,1,2.4,9.4,
234,Anthony Black,21,ORL,PG,52,9,24.9,3.3,7.8,0.418,0.7,2.4,0.282,2.6,5.4,0.479,0.462,2.1,2.8,0.75,0.6,2,2.6,3.4,1,0.5,1.8,2.2,9.3,
235,Ausar Thompson,22,DET,SF,33,22,20.9,3.8,7,0.55,0.2,1,0.219,3.6,6,0.603,0.565,1.4,2.4,0.595,1.7,3.3,5,2.2,1.6,0.5,1.4,2.7,9.3,
236,Jalen Wilson,24,BRK,PF,53,15,27.3,3.2,8.1,0.392,1.4,4.5,0.309,1.8,3.6,0.492,0.477,1.5,1.9,0.82,1.1,2.4,3.5,1.9,0.5,0.1,1.2,2.2,9.3,
237,Kevin Porter Jr.,24,2TM,SG,47,2,19.5,3.8,8.9,0.424,0.6,2.3,0.25,3.2,6.6,0.485,0.457,1.1,1.7,0.654,0.6,3,3.6,3.2,1,0.2,1.9,1.6,9.2,
238,Kevin Porter Jr.,24,LAC,SG,45,2,19.6,3.8,9,0.423,0.6,2.4,0.245,3.2,6.7,0.485,0.455,1.1,1.7,0.645,0.6,2.9,3.6,3.2,1,0.2,1.9,1.6,9.3,
239,Kevin Porter Jr.,24,MIL,SG,2,0,16,2.5,5,0.5,0.5,1,0.5,2,4,0.5,0.55,1,1,1,0,4.5,4.5,3.5,1,0,1.5,1.5,6.5,
240,Cole Anthony,24,ORL,PG,51,13,17.4,3.4,8.1,0.425,1,3.2,0.325,2.4,4.9,0.49,0.489,1.3,1.6,0.786,0.6,2.2,2.8,2.7,0.7,0.3,1.6,2.2,9.2,
241,Jaime Jaquez Jr.,23,MIA,SF,46,11,23.1,3.3,7.6,0.437,0.6,2,0.293,2.7,5.6,0.488,0.476,2,2.6,0.767,1.3,3.5,4.7,2.7,1.1,0.2,1.5,1.5,9.2,
242,Moses Moody,22,GSW,SG,47,7,19.4,3.2,7.3,0.433,1.7,4.4,0.375,1.5,2.9,0.522,0.547,1.2,1.6,0.724,0.6,1.7,2.3,1.1,0.6,0.4,0.7,1.5,9.2,
243,Chris Paul,39,SAS,PG,52,52,29.1,3.1,7.4,0.414,1.7,4.8,0.359,1.3,2.6,0.515,0.53,1.3,1.4,0.946,0.5,3.6,4,8.1,1.3,0.2,1.5,1.9,9.2,
244,Georges Niang,31,2TM,PF,54,2,21.1,3.4,7.1,0.478,1.8,4.5,0.404,1.5,2.5,0.61,0.608,0.5,0.6,0.794,0.7,3.1,3.8,1.4,0.4,0.2,0.9,2.5,9.1,
245,Georges Niang,31,CLE,PF,51,1,20.6,3.3,6.8,0.477,1.8,4.4,0.4,1.5,2.4,0.618,0.606,0.5,0.6,0.793,0.7,3,3.7,1.3,0.3,0.1,0.9,2.5,8.7,
246,Georges Niang,31,ATL,PF,3,1,28,5.3,11,0.485,3,6.7,0.45,2.3,4.3,0.538,0.621,1.3,1.7,0.8,1,3.7,4.7,2.3,1.3,0.7,0.7,2.7,15,
247,Carlton Carrington,19,WAS,PG,54,39,29.5,3.4,8.2,0.408,1.7,4.7,0.356,1.7,3.5,0.476,0.509,0.7,0.9,0.826,0.4,3.6,4,4,0.7,0.2,1.6,2.4,9.1,
248,Dereck Lively II,20,DAL,C,32,25,24,3.9,5.5,0.701,0,0,,3.9,5.5,0.701,0.701,1.4,2.2,0.638,3.1,4.8,7.8,2.6,0.5,1.7,1.2,2.9,9.1,
249,Caleb Martin,29,PHI,SF,31,24,30.4,3.3,7.5,0.435,1.1,2.8,0.379,2.2,4.7,0.469,0.506,1.5,2.4,0.622,1.4,3,4.4,2.2,1.1,0.6,1.4,2,9.1,
250,Patrick Williams,23,CHI,PF,45,35,26.2,3.2,8.6,0.375,1.6,4.5,0.351,1.6,4.1,0.4,0.466,1.1,1.4,0.769,0.8,3.3,4,2,0.8,0.6,1.3,1.3,9.1,
251,Miles McBride,24,NYK,PG,44,0,23.2,3.2,7.7,0.417,1.7,4.5,0.376,1.5,3.2,0.475,0.527,1,1.1,0.857,0.7,1.6,2.3,2.6,0.9,0.2,0.7,1.5,9,
252,Dalano Banton,25,POR,PG,42,0,15.9,3.1,7.6,0.409,1.2,3.4,0.362,1.9,4.3,0.447,0.489,1.4,2,0.698,0.3,1.6,1.9,2.2,0.7,0.5,1.3,0.9,8.9,
253,Nick Richards,27,2TM,C,35,22,22,3.2,5.6,0.566,0,0.1,0,3.2,5.5,0.572,0.566,2.5,3.6,0.704,2.6,5.9,8.5,1,0.3,1.2,1.5,2.5,8.9,
254,Nick Richards,27,CHO,C,21,9,21,3,5.4,0.561,0,0,0,3,5.4,0.566,0.561,2.8,4.1,0.678,2.4,5.1,7.5,1.3,0.3,1.2,1.6,2.3,8.9,
255,Nick Richards,27,PHO,C,14,13,23.6,3.4,5.9,0.573,0,0.1,0,3.4,5.8,0.58,0.573,2.1,2.7,0.763,2.9,7.1,10,0.6,0.2,1.1,1.4,2.9,8.8,
256,Brice Sensabaugh,21,UTA,SF,44,1,17.3,3.2,7.1,0.446,1.6,4.3,0.372,1.6,2.8,0.561,0.559,0.9,1,0.907,0.6,1.9,2.5,1.2,0.6,0.1,1.3,1.4,8.9,
257,Trendon Watford,24,BRK,PF,19,0,17.3,3.2,6.8,0.473,0.6,1.9,0.324,2.6,4.8,0.533,0.519,1.9,2.3,0.837,0.4,2.5,2.9,1.5,0.6,0.3,1.2,2.3,8.9,
258,Nickeil Alexander-Walker,26,MIN,SG,56,8,24.5,3.2,7.2,0.439,1.7,4.4,0.391,1.4,2.8,0.516,0.56,0.8,1,0.754,0.6,2.5,3.1,2.5,0.6,0.3,1.3,1.8,8.8,
259,Wendell Carter Jr.,25,ORL,C,43,26,25.2,3.1,6.8,0.457,0.4,2.2,0.202,2.7,4.6,0.578,0.49,2.1,2.9,0.72,1.8,5.2,7.1,2.3,0.8,0.5,1,2.7,8.8,
260,Dorian Finney-Smith,31,2TM,PF,37,25,27.2,3.1,6.7,0.462,1.9,4.6,0.413,1.2,2.1,0.571,0.604,0.6,0.8,0.677,1.2,2.6,3.8,1.4,0.9,0.4,0.9,2.4,8.7,
261,Dorian Finney-Smith,31,BRK,PF,20,20,29,3.7,8,0.459,2.4,5.4,0.435,1.3,2.6,0.51,0.607,0.8,1.2,0.625,1.6,3,4.6,1.6,0.9,0.6,0.9,2.7,10.4,
262,Dorian Finney-Smith,31,LAL,PF,17,5,25.2,2.5,5.3,0.467,1.4,3.8,0.375,1.1,1.5,0.692,0.6,0.4,0.4,0.857,0.8,2.2,3,1.3,0.9,0.1,0.9,2.1,6.7,
263,Kentavious Caldwell-Pope,31,ORL,SG,53,53,30.2,3,7.4,0.41,1.4,4.6,0.309,1.6,2.8,0.578,0.506,1.2,1.3,0.886,0.4,1.7,2.1,1.8,1.5,0.5,0.8,1.9,8.7,
264,Marcus Smart,30,MEM,PG,19,6,21.1,2.8,7.8,0.358,1.5,4.7,0.322,1.3,3.1,0.414,0.456,1.6,1.9,0.833,0.7,1.5,2.3,3.7,1.2,0.3,1.8,1.6,8.7,
265,Max Strus,28,CLE,SF,25,12,24.9,3.1,7.3,0.423,2.2,5.8,0.379,0.9,1.5,0.595,0.574,0.4,0.4,0.818,0.8,3.6,4.4,3.1,0.6,0.4,1,2,8.7,
266,Jusuf Nurkić,30,2TM,C,26,24,23.4,3,6.5,0.458,0.7,2.3,0.317,2.2,4.2,0.537,0.515,2,2.8,0.699,1.8,7.3,9.1,1.8,0.9,0.7,2.2,3,8.6,
267,Jusuf Nurkić,30,PHO,C,25,23,23.7,3,6.5,0.454,0.8,2.4,0.322,2.2,4.2,0.529,0.512,1.9,2.8,0.696,1.8,7.3,9.2,1.9,0.9,0.6,2.3,3.1,8.6,
268,Jusuf Nurkić,30,CHO,C,1,1,16,3,5,0.6,0,1,0,3,4,0.75,0.6,3,4,0.75,1,7,8,1,1,1,1,1,9,
269,Goga Bitadze,25,ORL,C,45,41,23.6,3.6,5.9,0.614,0,0.4,0.1,3.6,5.5,0.656,0.618,1.3,2,0.633,2.7,5.3,8,2.2,0.8,1.7,1.3,2.2,8.6,
270,Jalen Smith,24,CHI,C,50,1,15.3,3,6.4,0.476,1.3,3.6,0.354,1.8,2.8,0.631,0.575,1.2,1.5,0.836,1.4,4.1,5.5,0.9,0.2,0.7,0.6,1.5,8.6,
271,Kel'el Ware,20,MIA,C,38,12,19.1,3.6,6.7,0.535,0.7,1.8,0.357,2.9,4.8,0.603,0.585,0.8,1.1,0.732,1.4,4.4,5.8,0.8,0.6,1,0.8,1.3,8.6,
272,Draymond Green,34,GSW,PF,41,39,28.5,3,7,0.427,1.2,3.5,0.343,1.8,3.5,0.51,0.512,1.3,2.1,0.632,1,4.8,5.8,5.6,1.3,1.1,2.5,3.1,8.5,
273,Yves Missi,20,NOP,C,52,46,27.1,3.4,6.3,0.543,0,0,0,3.4,6.3,0.544,0.543,1.7,2.6,0.649,3.4,4.6,8,1.4,0.5,1.4,1.2,2.1,8.5,
274,Larry Nance Jr.,32,ATL,PF,24,3,19.3,3.3,6.5,0.516,1.4,3.2,0.447,1.9,3.3,0.582,0.626,0.4,0.5,0.692,1,3.3,4.3,1.6,0.8,0.5,0.7,1.5,8.5,
275,Jaylen Nowell,25,NOP,SG,8,0,21,3.3,9.1,0.356,1,3.4,0.296,2.3,5.8,0.391,0.411,0.9,1.4,0.636,0.8,1.8,2.5,2.3,0.1,0.5,1,1.1,8.4,
276,Tristan Da Silva,23,ORL,SF,52,35,24.9,3.1,7.3,0.425,1.2,3.7,0.332,1.9,3.6,0.519,0.508,0.9,1,0.865,1.2,2.6,3.8,1.7,0.5,0.3,0.9,1.4,8.3,
277,Mike Conley,37,MIN,PG,47,41,25.1,2.6,7,0.371,1.8,4.6,0.39,0.8,2.4,0.333,0.5,1.2,1.4,0.906,0.5,2.2,2.7,4.6,1.2,0.2,1.1,1.4,8.2,
278,Justin Edwards,21,PHI,SF,25,9,23.8,3.1,6.7,0.464,1.4,4,0.364,1.7,2.8,0.609,0.571,0.5,0.8,0.632,1,2.2,3.2,1.4,0.8,0.3,0.8,2.2,8.2,
279,Keon Ellis,25,SAC,SG,53,11,22.4,2.8,5.6,0.488,1.8,3.9,0.447,1,1.7,0.582,0.644,0.9,1.1,0.842,0.8,1.8,2.6,1.3,1.4,0.8,0.8,1.8,8.2,
280,Day'Ron Sharpe,23,BRK,C,32,0,17.3,3.4,6.5,0.522,0.2,0.9,0.2,3.2,5.5,0.576,0.536,1.3,1.7,0.774,3,3.2,6.2,1.6,0.7,0.6,1.3,2.1,8.2,
281,Kyshawn George,21,WAS,SG,48,18,26.2,2.8,7.5,0.365,1.6,5.1,0.312,1.1,2.4,0.478,0.471,1,1.3,0.77,0.8,3.2,4,2.2,0.9,0.6,1.3,3,8.1,
282,Peyton Watson,22,DEN,SF,48,12,24.1,2.9,6.2,0.471,0.7,2,0.34,2.3,4.2,0.532,0.525,1.6,2.1,0.752,0.8,2.6,3.4,1.5,0.9,1.2,0.9,1.7,8.1,
283,Bruce Brown,28,2TM,PG,20,0,19.8,3,7.2,0.42,0.6,2,0.275,2.5,5.2,0.476,0.458,1.5,1.7,0.879,0.9,2.9,3.8,1.6,0.9,0.2,1,1.7,8,
284,Bruce Brown,28,TOR,PG,18,0,19.6,3.2,7.3,0.435,0.6,2,0.306,2.6,5.3,0.484,0.477,1.4,1.6,0.897,0.9,2.8,3.8,1.6,0.9,0.2,1.1,1.4,8.4,
285,Bruce Brown,28,NOP,PG,2,0,21.5,1.5,6,0.25,0,2,0,1.5,4,0.375,0.25,1.5,2,0.75,0.5,3,3.5,1.5,0.5,0,0.5,3.5,4.5,
286,Brandon Clarke,28,MEM,PF,50,18,18.9,3.5,5.8,0.611,0,0.3,0.063,3.5,5.4,0.643,0.613,0.8,1.2,0.689,1.9,3.1,5,1,0.8,0.5,0.6,2.4,7.9,
287,Jaden Hardy,22,DAL,SG,42,3,15.3,2.9,6.9,0.42,1.2,3.3,0.372,1.7,3.6,0.464,0.509,0.9,1.3,0.696,0.2,1.4,1.6,1.4,0.5,0.1,1.4,1.5,7.9,
288,Al Horford,38,BOS,C,43,29,26.7,2.9,7.1,0.404,1.8,5.1,0.353,1.1,2.1,0.528,0.529,0.4,0.4,0.889,1.1,4.4,5.5,1.9,0.6,0.9,0.7,1.4,7.9,
289,Taurean Prince,30,MIL,SF,53,46,26.1,2.8,6.2,0.46,1.8,4,0.462,1,2.2,0.456,0.61,0.4,0.5,0.821,0.5,3.2,3.7,2,0.8,0.1,1,2.1,7.9,
290,Nick Smith Jr.,20,CHO,SG,33,14,18.7,3,7.5,0.403,1.4,4.1,0.341,1.6,3.4,0.478,0.496,0.4,0.5,0.875,0.2,1.8,1.9,1.8,0.4,0.2,1.1,1,7.9,
291,Justin Champagnie,23,WAS,SF,35,14,18.5,3,5.9,0.515,1.1,2.7,0.385,2,3.1,0.627,0.604,0.7,1,0.686,1.5,3,4.5,0.9,0.9,0.6,0.8,1.9,7.8,
292,Cody Martin,29,CHO,SF,39,8,24.8,3,6.9,0.433,1,3.2,0.323,1.9,3.7,0.528,0.507,0.9,1.3,0.694,1,3.5,4.5,2.3,1.1,0.7,1.1,1.8,7.8,
293,Tyrese Martin,25,BRK,SG,36,6,21,2.8,7.2,0.391,1.5,4.4,0.338,1.3,2.7,0.48,0.496,0.6,0.9,0.719,1,2.9,3.9,1.8,0.5,0.1,1.3,1.2,7.8,
294,A.J. Green,25,MIL,SG,46,5,21.9,2.6,6,0.431,2.2,5,0.427,0.4,1,0.455,0.611,0.3,0.4,0.889,0.2,2,2.3,1.2,0.5,0.1,0.5,2.1,7.7,
295,Sam Hauser,27,BOS,PF,46,9,20.1,2.7,6.2,0.445,2.1,5.3,0.402,0.6,0.8,0.718,0.618,0.1,0.1,1,0.6,2.4,3,1,0.7,0.2,0.3,1.2,7.7,
296,Ja'Kobe Walter,20,TOR,SG,36,9,19.6,2.8,7,0.406,1,3.3,0.311,1.8,3.7,0.492,0.48,1,1.4,0.7,0.8,1.8,2.5,1.4,0.7,0.2,0.8,1.8,7.7,
297,Kevin Huerter,26,2TM,SG,46,15,20.8,2.9,7.2,0.398,1.4,4.7,0.29,1.5,2.5,0.6,0.492,0.5,0.7,0.688,0.5,2.4,2.9,1.8,0.8,0.3,0.9,1.7,7.6,
298,Kevin Huerter,26,SAC,SG,43,15,20.9,3,7.2,0.413,1.4,4.8,0.302,1.5,2.4,0.629,0.513,0.5,0.7,0.714,0.4,2.3,2.8,1.7,0.8,0.4,0.9,1.6,7.9,
299,Kevin Huerter,26,CHI,SG,3,0,19.3,1.3,7.3,0.182,0.3,4,0.083,1,3.3,0.3,0.205,0.7,1.3,0.5,1.3,3,4.3,2.3,1,0,1.7,2.3,3.7,
300,Josh Green,24,CHO,SG,47,46,28.6,2.7,6.1,0.443,1.4,3.5,0.406,1.3,2.6,0.492,0.559,0.7,1.1,0.7,0.9,1.8,2.8,1.4,1.1,0.2,0.9,2.6,7.6,
301,Trayce Jackson-Davis,24,GSW,C,49,37,18.5,3.2,5.7,0.57,0,0,0,3.2,5.7,0.572,0.57,1.1,1.8,0.605,2.2,3.7,5.9,2,0.4,0.7,0.8,1.4,7.6,
302,Johnny Juzang,23,UTA,SG,38,5,17.6,2.6,6.1,0.422,1.7,4.4,0.398,0.8,1.7,0.485,0.565,0.7,0.8,0.839,0.6,2,2.6,1,0.4,0.1,0.5,2,7.6,
303,Aaron Nesmith,25,IND,SF,18,10,20.6,2.6,5.6,0.465,0.9,2.6,0.362,1.7,3,0.556,0.55,1.4,1.6,0.897,0.4,2.7,3.1,1.4,0.7,0.3,0.7,2.7,7.6,
304,Garrison Mathews,28,ATL,SG,43,2,17.7,2.1,5.5,0.39,1.8,4.7,0.385,0.3,0.8,0.417,0.553,1.5,1.8,0.829,0.3,1.5,1.8,1.3,0.6,0.3,0.7,1.7,7.5,
305,Vasilije Micić,31,CHO,PG,36,16,21.2,2.6,7.6,0.348,1.3,3.5,0.36,1.4,4.1,0.338,0.43,0.9,1.1,0.829,0.6,1.9,2.4,3.5,0.4,0,2.1,1.2,7.5,
306,Quinten Post,24,GSW,PF,17,7,14,2.8,5.8,0.48,1.5,3.7,0.397,1.3,2.1,0.629,0.607,0.5,0.5,1,0.9,2.4,3.3,1.6,0.1,0.2,0.5,1.6,7.5,
307,Jay Huff,26,MEM,C,46,1,12.5,2.6,5,0.522,1.4,3.3,0.418,1.2,1.7,0.727,0.661,0.8,1,0.771,0.5,1.6,2.1,0.7,0.2,0.9,0.6,1.3,7.4,
308,Sam Merrill,28,CLE,SG,45,2,19.3,2.4,6.2,0.396,1.9,5.4,0.361,0.5,0.8,0.622,0.552,0.6,0.6,0.962,0.5,1.5,2,1.5,0.6,0.2,0.5,1.8,7.4,
309,Cameron Payne,30,NYK,PG,48,1,14.6,2.6,6.1,0.428,1.4,3.7,0.375,1.2,2.4,0.509,0.541,0.8,0.9,0.886,0.2,1.2,1.4,2.6,0.6,0.3,0.7,1.6,7.4,
310,Cason Wallace,21,OKC,SG,46,32,27.4,3,6.8,0.442,1,2.9,0.333,2,3.8,0.525,0.514,0.3,0.4,0.778,1.1,2.4,3.5,2.4,1.8,0.6,0.7,2.2,7.3,
311,Lonzo Ball,27,CHI,PG,30,9,21.6,2.4,6.5,0.362,1.8,5.4,0.34,0.5,1.1,0.471,0.503,0.6,0.7,0.857,0.7,2.8,3.4,3.5,1.5,0.5,1.2,1.7,7.2,
312,Bones Hyland,24,LAC,PG,20,0,11.1,2.3,5.8,0.391,1.6,4,0.388,0.7,1.8,0.4,0.526,1.2,1.3,0.885,0.3,1,1.2,1.4,0.9,0.2,1.2,1.3,7.2,
313,Jared Butler,24,2TM,SG,35,1,11.8,2.7,5.8,0.475,0.5,1.4,0.34,2.3,4.3,0.52,0.517,1.2,1.5,0.788,0.5,0.9,1.4,2.7,0.4,0.2,1,1.3,7.1,
314,Jared Butler,24,WAS,PG,32,0,11.3,2.7,5.5,0.483,0.5,1.3,0.366,2.2,4.2,0.519,0.526,1.1,1.4,0.778,0.4,0.8,1.3,2.6,0.4,0.2,0.9,1.3,6.9,
315,Jared Butler,24,PHI,SG,3,1,17,3.7,8.7,0.423,0.7,3,0.222,3,5.7,0.529,0.462,2,2.3,0.857,0.7,2,2.7,4.7,0.3,0.7,1.7,1.3,10,
316,Precious Achiuwa,25,NYK,C,33,6,21.9,3,5.5,0.55,0.2,0.7,0.333,2.8,4.7,0.583,0.572,0.8,1.4,0.622,2.2,3.8,6,1.1,1,0.8,0.8,1.6,7.1,
317,Kelly Olynyk,33,TOR,C,24,2,16,2.5,4.9,0.5,0.8,1.8,0.442,1.7,3.1,0.533,0.581,1.4,1.8,0.791,1,2.7,3.7,2.3,0.7,0.3,1.5,2.5,7.1,
318,Jake LaRavia,23,2TM,PF,51,0,20.2,2.4,4.9,0.488,0.8,1.9,0.433,1.6,3,0.523,0.571,1.3,2,0.67,1.4,2.8,4.2,2.7,0.9,0.4,1.4,1.9,7,
319,Jake LaRavia,23,MEM,PF,47,0,20.9,2.5,5.1,0.49,0.9,1.9,0.444,1.7,3.2,0.517,0.573,1.4,2,0.698,1.4,2.9,4.4,2.8,0.9,0.4,1.5,2,7.3,
320,Jake LaRavia,23,SAC,PF,4,0,11.5,1.3,2.8,0.455,0.5,1.8,0.286,0.8,1,0.75,0.545,0,1,0,1.3,0.8,2,0.8,0.5,0.5,1,1,3,
321,Isaiah Jackson,23,IND,C,5,1,16.8,2.8,4.6,0.609,0,0,,2.8,4.6,0.609,0.609,1.4,2.8,0.5,2.2,3.4,5.6,1,0.6,1.6,1,2.8,7,
322,Josh Okogie,26,2TM,SG,32,2,15.6,2.5,5.2,0.473,0.8,2,0.385,1.7,3.2,0.529,0.548,1.2,1.6,0.725,1.3,1.7,3,0.8,1.3,0.5,0.8,1.2,6.9,
323,Josh Okogie,26,PHO,SG,25,1,14,2.2,4.6,0.491,0.6,1.7,0.381,1.6,2.9,0.556,0.561,0.9,1.3,0.688,1.3,1.6,2.9,0.6,0.8,0.4,0.6,1.1,6,
324,Josh Okogie,26,CHO,SG,7,1,21.3,3.3,7.6,0.434,1.3,3.3,0.391,2,4.3,0.467,0.519,2.1,2.7,0.789,1.3,2.1,3.4,1.4,2.7,0.7,1.3,1.6,10,
325,Thomas Bryant,27,2TM,C,37,5,15.2,2.6,5,0.53,0.8,2.1,0.367,1.9,2.9,0.651,0.608,0.8,0.9,0.879,1.5,2.7,4.2,1.2,0.4,0.6,0.4,1,6.9,
326,Thomas Bryant,27,MIA,C,10,0,11.5,1.2,2.8,0.429,0.6,1.7,0.353,0.6,1.1,0.545,0.536,1.1,1.1,1,0.6,2.6,3.2,0.4,0.1,0.9,0.2,0.9,4.1,
327,Thomas Bryant,27,IND,C,27,5,16.6,3.2,5.8,0.548,0.9,2.3,0.371,2.3,3.5,0.663,0.621,0.7,0.8,0.818,1.8,2.8,4.6,1.4,0.6,0.5,0.4,1,7.9,
328,Vit Krejci,24,ATL,PG,39,15,20.8,2.5,5.5,0.447,1.4,3.7,0.384,1,1.8,0.58,0.577,0.5,0.8,0.667,0.4,2.4,2.7,2.7,0.7,0.5,0.9,1.9,6.9,
329,Torrey Craig,34,2TM,SF,10,1,12.2,2.4,4.7,0.511,1.7,3.7,0.459,0.7,1,0.7,0.691,0.3,0.4,0.75,0.8,1.7,2.5,0.6,0.2,0.2,0,1.5,6.8,
330,Torrey Craig,34,CHI,SF,9,1,12.6,2.4,5,0.489,1.7,3.9,0.429,0.8,1.1,0.7,0.656,0.3,0.4,0.75,0.9,1.9,2.8,0.6,0.2,0.1,0,1.7,6.9,
331,Torrey Craig,34,BOS,SF,1,0,9,2,2,1,2,2,1,0,0,,1.5,0,0,,0,0,0,1,0,1,0,0,6,
332,Isaiah Collier,20,UTA,PG,46,21,23.7,2.8,6.7,0.413,0.5,2.3,0.231,2.3,4.5,0.505,0.452,0.8,1.2,0.648,0.4,2.7,3.1,5.8,0.8,0.2,2.8,2.2,6.8,
333,Andre Drummond,31,PHI,C,30,16,18.7,2.8,5.5,0.506,0,0.4,0.083,2.8,5.1,0.539,0.509,1.2,2,0.574,2.5,5.1,7.5,0.6,1.1,0.4,1.6,2.4,6.8,
334,Eric Gordon,36,PHI,SG,39,13,19.7,2.2,5.2,0.426,1.4,3.5,0.409,0.8,1.7,0.463,0.564,0.9,1.2,0.75,0.2,1,1.2,1.7,0.7,0.3,0.7,0.8,6.8,
335,Kyle Filipowski,21,UTA,C,44,10,18.3,2.5,4.9,0.505,0.7,2,0.333,1.8,2.9,0.62,0.572,1,1.5,0.627,1.2,3.6,4.9,1.8,0.5,0.1,1,2,6.6,
336,Ryan Dunn,22,PHO,SF,49,28,18.6,2.7,6,0.442,1,3.2,0.31,1.7,2.8,0.59,0.524,0.2,0.5,0.478,1,2.4,3.3,0.9,0.4,0.6,0.4,2.3,6.5,
337,KJ Simpson,22,CHO,PG,21,2,19.2,2.2,7,0.318,0.7,3,0.219,1.6,4,0.393,0.365,1.4,1.7,0.806,1.1,1.6,2.7,2.5,0.7,0.2,1.3,1.6,6.5,
338,Ben Simmons,28,2TM,PG,34,24,25.1,2.9,5.1,0.554,0,0,,2.9,5.1,0.554,0.554,0.6,0.9,0.733,0.9,4.4,5.3,6.9,0.9,0.5,2.6,2.4,6.4,
339,Ben Simmons,28,BRK,PG,33,24,25,2.8,5.2,0.547,0,0,,2.8,5.2,0.547,0.547,0.5,0.8,0.692,0.9,4.3,5.2,6.9,0.8,0.5,2.7,2.5,6.2,
340,Ben Simmons,28,LAC,PG,1,0,27,4,5,0.8,0,0,,4,5,0.8,0.8,4,4,1,0,7,7,6,3,1,0,1,12,
341,Davion Mitchell,26,2TM,PG,47,25,25,2.4,5.7,0.432,1,2.7,0.354,1.5,3,0.504,0.517,0.6,0.8,0.692,0.4,1.5,1.9,4.6,0.7,0.2,1.7,2.6,6.4,
342,Davion Mitchell,26,TOR,PG,44,22,24.5,2.4,5.5,0.434,1,2.7,0.359,1.5,2.9,0.504,0.52,0.6,0.8,0.676,0.4,1.6,1.9,4.6,0.7,0.2,1.8,2.6,6.3,
343,Davion Mitchell,26,MIA,PG,3,3,31.7,3,7.3,0.409,1,3.3,0.3,2,4,0.5,0.477,0.7,0.7,1,0.3,1,1.3,3.7,1,0.3,1,1.7,7.7,
344,Alec Burks,33,MIA,SG,29,1,17.3,2,4.6,0.425,1.4,3.3,0.433,0.5,1.3,0.405,0.582,1,1.3,0.763,0.4,2.2,2.7,1.1,0.6,0.2,0.4,0.7,6.4,
345,Matas Buzelis,20,CHI,SF,53,4,14.8,2.3,5.3,0.441,0.9,2.5,0.361,1.4,2.8,0.514,0.527,0.8,1,0.796,0.6,2.2,2.8,0.5,0.3,0.8,0.6,1.5,6.4,
346,Mouhamed Gueye,22,ATL,PF,8,4,15.1,2.5,6.8,0.37,0.5,3.4,0.148,2,3.4,0.593,0.407,0.9,1.1,0.778,0.9,3,3.9,0.6,1.3,1,0.3,0.9,6.4,
347,KJ Martin,24,PHI,PF,24,7,20,2.5,4.1,0.616,0.3,0.9,0.381,2.2,3.3,0.679,0.657,1,1.2,0.828,0.9,2.1,3,0.8,0.5,0.7,0.5,2.6,6.4,
348,Ajay Mitchell,22,OKC,SG,34,1,16.5,2.5,4.9,0.506,0.6,1.5,0.431,1.8,3.4,0.539,0.572,0.8,1,0.848,0.5,1.5,2,1.7,0.7,0.1,0.8,1.7,6.4,
349,Simone Fontecchio,29,DET,SF,50,0,17.7,2,5.3,0.383,1.1,3.2,0.327,1,2.1,0.471,0.483,1.1,1.4,0.838,0.7,2.4,3.1,0.9,0.4,0.2,0.8,1.3,6.3,
350,Haywood Highsmith,28,MIA,SF,49,39,23.7,2.4,5.1,0.466,1.2,3,0.388,1.2,2.1,0.578,0.58,0.4,0.6,0.679,0.8,2.3,3.1,1.2,0.9,0.6,0.7,2,6.3,
351,Trey Lyles,29,SAC,PF,45,2,18.7,2.1,5.4,0.393,1.2,3.7,0.333,0.9,1.8,0.519,0.506,0.8,1,0.745,1,3.4,4.4,1,0.6,0.4,0.5,1.2,6.3,
352,Ricky Council IV,23,PHI,SF,46,4,14.1,2.1,5,0.414,0.7,2.2,0.304,1.4,2.8,0.5,0.481,1.4,1.7,0.808,0.6,1.6,2.2,1.1,0.4,0.2,0.5,0.9,6.2,
353,Ron Holland,19,DET,SF,55,1,15.5,2.3,5.3,0.442,0.5,2.1,0.25,1.8,3.2,0.568,0.491,1,1.2,0.803,0.5,2.2,2.7,0.9,0.6,0.1,0.9,1.8,6.2,
354,Dru Smith,27,MIA,SG,14,1,19.1,2.2,4.4,0.508,1.1,2.1,0.533,1.1,2.2,0.484,0.639,0.6,0.9,0.75,0.9,1.7,2.6,1.6,1.5,0.4,1.2,2.1,6.2,
355,Jonathan Isaac,27,ORL,PF,49,0,16.6,2.2,5.2,0.418,0.7,2.5,0.266,1.5,2.7,0.561,0.482,1,1.5,0.667,1.8,3,4.9,0.5,0.8,1.2,0.4,1.4,6.1,
356,Jarace Walker,21,IND,PF,50,1,16.6,2.2,4.8,0.458,0.9,2.4,0.369,1.3,2.4,0.551,0.552,0.8,1.2,0.644,0.4,2.9,3.2,1.4,0.9,0.4,1.1,1.7,6.1,
357,Shake Milton,28,2TM,SG,42,1,16,2.2,4.7,0.457,0.8,2.1,0.356,1.4,2.6,0.541,0.538,1,1.2,0.8,0.5,1.4,1.9,2.1,0.4,0.1,0.7,1.3,6,
358,Shake Milton,28,BRK,SG,27,1,18.2,2.7,5.8,0.465,1,2.7,0.389,1.7,3.1,0.529,0.554,0.9,1.2,0.758,0.6,1.3,1.9,2.4,0.6,0,0.7,1.6,7.4,
359,Shake Milton,28,LAL,SG,15,0,11.9,1.2,2.8,0.429,0.3,1.2,0.222,0.9,1.6,0.583,0.476,1,1.1,0.882,0.5,1.5,1.9,1.6,0.2,0.1,0.7,0.9,3.7,
360,Bol Bol,25,PHO,PF,18,2,11.4,2.4,5.1,0.473,0.7,2.6,0.277,1.7,2.4,0.682,0.544,0.5,0.8,0.643,0.7,2.1,2.7,0.4,0.3,0.8,0.6,0.4,6,
361,Alex Caruso,30,OKC,SG,33,1,19,2.3,5.6,0.405,1.1,3.3,0.321,1.2,2.3,0.526,0.5,0.4,0.5,0.813,0.7,2,2.7,2.5,1.7,0.5,0.6,2,6,
362,Seth Curry,34,CHO,SG,44,9,14.3,2.2,4.6,0.48,1.2,2.5,0.472,1.1,2.2,0.49,0.605,0.4,0.5,0.857,0.4,1.1,1.5,0.7,0.4,0.1,0.4,0.9,6,
363,Terance Mann,28,2TM,SG,40,12,19.7,2.3,5.2,0.447,0.7,2,0.372,1.6,3.3,0.492,0.517,0.6,0.9,0.676,0.9,2,2.9,1.6,0.8,0.3,0.7,1.9,6,
364,Terance Mann,28,LAC,SG,37,12,19.8,2.4,5.3,0.446,0.7,2,0.347,1.6,3.2,0.508,0.513,0.6,0.9,0.719,0.9,2,2.9,1.6,0.8,0.3,0.7,1.8,6,
365,Terance Mann,28,ATL,SG,3,0,18.7,2,4.3,0.462,1,1,1,1,3.3,0.3,0.577,0.7,1.7,0.4,1.3,1.7,3,2,1,0,0.3,2.3,5.7,
366,Marcus Sasser,24,DET,PG,42,0,14.2,2.3,4.9,0.466,0.9,2.5,0.364,1.4,2.4,0.576,0.561,0.5,0.6,0.885,0.3,0.9,1.2,2.3,0.7,0.1,1,1.4,6,
367,Jamal Shead,22,TOR,PG,49,1,17.2,2.3,5.4,0.427,0.8,2.3,0.354,1.5,3.1,0.481,0.502,0.5,0.7,0.727,0.2,0.9,1.2,3.6,0.6,0.1,1.5,1.8,6,
368,Ben Sheppard,23,IND,SG,39,8,20.5,2.2,5,0.429,1.3,3.4,0.373,0.9,1.6,0.548,0.556,0.4,0.5,0.889,0.7,1.8,2.5,1.2,0.7,0.3,0.3,2.1,6,
369,Dean Wade,28,CLE,PF,35,26,22.8,2.1,5.1,0.408,1.5,4.3,0.349,0.6,0.9,0.7,0.553,0.4,0.7,0.52,1,4.1,5.1,1.6,0.9,0.5,0.3,1.9,6,
370,Kenrich Williams,30,OKC,PF,43,1,14.8,2.3,4.7,0.495,0.9,2.4,0.388,1.4,2.3,0.604,0.593,0.4,0.4,0.889,0.9,2.4,3.3,1.2,0.7,0.1,0.5,1.5,6,
371,James Wiseman,23,IND,C,1,0,5,2,4,0.5,0,1,0,2,3,0.667,0.5,2,2,1,0,1,1,0,0,0,0,0,6,
372,Isaiah Wong,24,CHO,SG,20,0,13.3,2.1,5.3,0.39,0.7,1.7,0.394,1.4,3.6,0.389,0.452,1.3,1.7,0.735,0.7,0.9,1.6,1.4,0.6,0,0.9,1.1,6,
373,Rob Dillingham,20,MIN,PG,31,1,12.7,2.5,5.5,0.456,0.7,2,0.377,1.7,3.5,0.5,0.524,0.2,0.3,0.5,0.3,0.9,1.2,2.5,0.4,0,1.3,1,5.9,
374,Kris Dunn,30,LAC,PG,47,31,22.8,2.4,5.7,0.42,0.9,3,0.317,1.5,2.8,0.531,0.502,0.1,0.3,0.5,0.8,2.6,3.4,2.9,1.6,0.3,1.1,2.5,5.9,
375,Richaun Holmes,31,WAS,PF,17,4,15.9,2.4,3.7,0.651,0,0.2,0,2.4,3.5,0.683,0.651,1.1,1.4,0.783,1.7,3.2,4.9,1,0.1,0.7,0.5,1.4,5.9,
376,Isaiah Stewart,23,DET,C,50,3,20,2.4,4.5,0.538,0.2,0.8,0.289,2.2,3.7,0.589,0.563,0.9,1,0.827,2,3.7,5.7,1.7,0.4,1.2,0.9,2.5,5.9,
377,Javonte Green,31,NOP,SG,50,18,21.8,2,4.5,0.446,0.8,2.2,0.352,1.2,2.3,0.534,0.531,1,1.3,0.758,1,2.6,3.6,0.9,1.1,0.6,0.6,1.5,5.8,
378,Jaxson Hayes,24,LAL,C,31,10,17.6,2.4,3.4,0.702,0,0.1,0,2.4,3.3,0.716,0.702,1.1,1.5,0.739,1.3,2.8,4.2,1,0.6,1,0.6,2.1,5.8,
379,Talen Horton-Tucker,24,CHI,SG,41,0,11.4,2.1,4.6,0.45,0.8,2,0.373,1.3,2.6,0.509,0.532,0.9,1.2,0.725,0.3,1.4,1.7,1.3,0.4,0.2,0.6,1,5.8,
380,Isaac Okoro,24,CLE,SG,28,16,19.7,2,4.7,0.427,1.1,2.8,0.397,0.9,1.9,0.472,0.546,0.6,0.9,0.72,0.8,1.3,2.1,1.6,0.7,0.4,0.4,2,5.8,
381,Jeremiah Robinson-Earl,24,NOP,PF,44,6,17.8,2.2,4.8,0.446,0.8,2.3,0.33,1.4,2.6,0.549,0.523,0.7,0.8,0.865,1.7,2.9,4.6,1.2,0.7,0.1,0.7,1.3,5.8,
382,Keaton Wallace,25,ATL,PG,24,3,17.3,2.2,5.1,0.423,1,2.7,0.354,1.2,2.4,0.5,0.516,0.5,0.5,1,0.2,1.3,1.5,2.3,0.9,0.3,1.2,1.3,5.8,
383,Elfrid Payton,30,2TM,PG,9,4,22.1,2.8,6.2,0.446,0,0.1,0,2.8,6.1,0.455,0.446,0.1,0.2,0.5,0.7,2.6,3.2,6.6,1.3,0.4,2.4,1.6,5.7,
384,Elfrid Payton,30,NOP,PG,7,3,20.6,3.3,6.6,0.5,0,0.1,0,3.3,6.4,0.511,0.5,0.1,0.3,0.5,0.7,2.7,3.4,6.9,1.4,0.4,2.9,1.4,6.7,
385,Elfrid Payton,30,CHO,PG,2,1,27.5,1,5,0.2,0,0,,1,5,0.2,0.2,0,0,,0.5,2,2.5,5.5,1,0.5,1,2,2,
386,Quenton Jackson,26,IND,PG,18,7,14.1,2.2,4.2,0.513,0.5,1.3,0.375,1.7,2.9,0.577,0.572,0.8,1.2,0.714,0.6,0.9,1.5,1.7,0.5,0.3,0.6,1.8,5.7,
387,Gabe Vincent,28,LAL,PG,44,6,20.4,2.1,5.2,0.409,1.3,3.6,0.35,0.9,1.6,0.543,0.53,0.1,0.2,0.5,0.3,1,1.2,1.5,0.7,0.2,0.6,2.1,5.7,
388,Robert Williams,27,POR,C,19,3,17.2,2.4,3.8,0.63,0.1,0.2,0.333,2.4,3.7,0.643,0.637,0.8,0.9,0.882,1.8,4.1,5.9,1.1,0.6,1.6,0.9,1.5,5.7,
389,Vince Williams Jr.,24,MEM,SG,6,0,14.8,2.2,6,0.361,0.5,2.7,0.188,1.7,3.3,0.5,0.403,0.8,1.7,0.5,1.5,2.5,4,2.2,0.3,0.3,1.3,2.5,5.7,
390,Drew Eubanks,27,2TM,C,40,4,14.9,2.3,3.8,0.616,0.1,0.1,0.6,2.3,3.7,0.616,0.626,0.9,1.4,0.632,1.1,3.3,4.4,1.1,0.3,0.8,0.8,1.2,5.6,
391,Drew Eubanks,27,UTA,C,37,4,15.4,2.4,3.9,0.607,0.1,0.1,0.6,2.3,3.8,0.607,0.617,1,1.5,0.632,1.1,3.5,4.5,1.2,0.3,0.9,0.8,1.2,5.8,
392,Drew Eubanks,27,LAC,C,3,0,8.7,1.7,2,0.833,0,0,,1.7,2,0.833,0.833,0,0,,1.3,1.7,3,0,0,0.3,0,0.3,3.3,
393,Donovan Clingan,20,POR,C,41,11,16.3,2.3,4.2,0.546,0.2,0.6,0.304,2.1,3.7,0.583,0.566,0.8,1.1,0.681,2.8,4,6.8,0.7,0.4,1.6,1.1,2.6,5.6,
394,Jamison Battle,23,TOR,SF,39,0,12.6,1.9,4.2,0.46,1.3,3.2,0.423,0.6,1,0.575,0.62,0.3,0.4,0.857,0.5,1.3,1.8,0.8,0.1,0.1,0.3,1.1,5.5,
395,Kevin Love,36,MIA,PF,19,6,10.9,1.8,5.2,0.354,1.1,3.1,0.362,0.7,2.2,0.341,0.46,0.7,1,0.684,0.9,3.2,4.1,1,0.7,0.1,0.7,0.9,5.5,
396,Jonathan Mogbo,23,TOR,PF,42,10,17.6,2.1,4.5,0.458,0.3,0.9,0.342,1.8,3.6,0.487,0.492,1,1.4,0.724,1.7,2.6,4.2,1.8,0.7,0.5,0.9,2.1,5.5,
397,Kyle Anderson,31,2TM,PF,38,4,15.2,2.2,4.8,0.446,0.5,1.4,0.358,1.7,3.4,0.481,0.497,0.6,0.9,0.636,0.9,2.3,3.2,2.2,0.7,0.6,0.5,1.1,5.4,
398,Kyle Anderson,31,GSW,PF,36,3,15,2.1,4.7,0.45,0.5,1.4,0.365,1.6,3.3,0.487,0.506,0.5,0.8,0.667,0.8,2.3,3.1,2.3,0.7,0.6,0.6,1.1,5.3,
399,Kyle Anderson,31,MIA,SF,2,1,18.5,3,7.5,0.4,0,0.5,0,3,7,0.429,0.4,1.5,3,0.5,3.5,3,6.5,1.5,0,1,0,1.5,7.5,
400,Lindy Waters III,27,2TM,SG,39,9,17,1.9,5.3,0.365,1.3,3.9,0.325,0.7,1.5,0.474,0.483,0.2,0.3,0.727,0.4,2.1,2.5,1.1,0.6,0.3,0.4,1.4,5.4,
401,Lindy Waters III,27,GSW,SG,38,9,17.2,2,5.4,0.371,1.3,3.9,0.331,0.7,1.5,0.474,0.49,0.2,0.3,0.727,0.4,2.1,2.6,1.1,0.6,0.3,0.4,1.4,5.5,
402,Lindy Waters III,27,DET,SG,1,0,9,0,3,0,0,3,0,0,0,,0,0,0,,0,0,0,1,0,0,0,1,0,
403,Kobe Bufkin,21,ATL,SG,10,0,12.4,1.8,4.7,0.383,0.4,1.9,0.211,1.4,2.8,0.5,0.426,1.3,1.8,0.722,0.5,1.6,2.1,1.7,0.3,0.2,0.8,0.9,5.3,
404,Gary Payton II,32,GSW,SG,43,10,13.4,2.3,4.1,0.548,0.3,1.3,0.236,2,2.8,0.689,0.585,0.5,0.7,0.724,0.8,2,2.9,1.3,0.6,0.3,0.7,1.7,5.3,
405,Jaylin Williams,22,OKC,PF,27,5,16.8,1.9,5,0.382,1.1,3.5,0.309,0.9,1.6,0.548,0.489,0.4,0.4,1,1.3,4.4,5.7,2.4,0.4,0.7,0.8,1.9,5.3,
406,Tidjane Salaün,19,CHO,PF,39,8,19.1,1.7,5.4,0.316,0.9,3.2,0.286,0.8,2.1,0.361,0.402,0.9,1.3,0.72,1.1,3.1,4.2,1.1,0.6,0.2,0.8,1.3,5.2,
407,Moussa Diabaté,23,CHO,C,44,7,18.9,2.1,3.4,0.616,0,0,0,2.1,3.4,0.624,0.616,0.8,1.5,0.552,3,4,7,0.8,0.7,0.7,0.9,1.6,5.1,
408,Jeff Green,38,HOU,PF,16,2,11.6,1.8,3.5,0.5,0.6,2.2,0.286,1.1,1.3,0.857,0.589,0.9,1.1,0.833,0.3,1.3,1.6,0.3,0.2,0.1,0.3,1.1,5.1,
409,Luke Kornet,29,BOS,C,49,7,17.2,2.1,3.2,0.656,0,0,0,2.1,3.2,0.66,0.656,0.9,1.2,0.754,2.3,2.7,5,1.6,0.5,0.9,0.4,1.5,5.1,
410,Neemias Queta,25,BOS,C,43,5,14.3,2.2,3.3,0.66,0,0,0,2.2,3.2,0.669,0.66,0.8,1.1,0.729,1.4,2.3,3.7,0.6,0.3,0.7,0.6,1.8,5.1,
411,Tristan Vukcevic,21,WAS,C,14,0,8.1,1.9,3.9,0.5,0.6,1.9,0.346,1.3,2,0.643,0.583,0.6,0.9,0.692,0.6,1.8,2.4,0.9,0.2,0.2,0.5,0.9,5.1,
412,DaQuan Jeffries,27,CHO,SG,21,2,19.4,1.9,4.6,0.402,0.8,2.7,0.304,1,2,0.537,0.49,0.4,0.5,0.818,0.9,2,2.8,1.1,0.7,0.4,0.6,2,5,
413,Kevon Looney,28,GSW,C,49,6,16.1,2.1,4.2,0.51,0,0,0,2.1,4.2,0.515,0.51,0.8,1.4,0.544,2.9,4,6.9,1.9,0.7,0.4,0.6,2.2,5,
414,Alondes Williams,25,DET,SG,1,0,4,2,2,1,1,1,1,1,1,1,1.25,0,0,,0,0,0,1,0,0,0,0,5,
415,Marvin Bagley III,25,WAS,C,19,1,8.7,2,3.7,0.535,0.1,0.5,0.2,1.9,3.2,0.59,0.549,0.8,1.2,0.652,1.4,1.5,2.9,0.4,0.4,0.3,0.6,0.6,4.9,
416,Monte Morris,29,PHO,PG,40,0,13.1,1.7,4.3,0.404,0.6,1.8,0.301,1.2,2.5,0.48,0.468,0.9,1,0.85,0.3,1.2,1.4,1.7,0.4,0.1,0.4,0.5,4.9,
417,Jaylen Clark,23,MIN,SG,14,1,14.3,1.6,4,0.411,0.6,1.7,0.375,1,2.3,0.438,0.491,0.9,1.1,0.75,0.9,0.7,1.6,0.4,0.6,0.1,0.1,1.6,4.8,
418,Ryan Rollins,22,MIL,PG,37,7,12.3,1.8,4.2,0.442,0.6,1.7,0.344,1.2,2.4,0.511,0.513,0.5,0.6,0.826,0.4,1.2,1.6,1.3,0.7,0.3,0.8,1.3,4.8,
419,Tre Jones,25,2TM,PG,31,0,16.2,1.7,3.5,0.486,0.3,0.9,0.286,1.5,2.6,0.556,0.523,1,1.3,0.8,0.5,1.5,2.1,3.5,0.7,0.2,0.7,1.2,4.7,
420,Tre Jones,25,SAS,PG,28,0,16.1,1.6,3.3,0.484,0.3,0.9,0.308,1.3,2.4,0.552,0.527,0.9,1.2,0.758,0.5,1.5,2.1,3.7,0.6,0.2,0.8,1.2,4.4,
421,Tre Jones,25,CHI,PG,3,0,17.7,2.7,5.3,0.5,0,0.7,0,2.7,4.7,0.571,0.5,2.3,2.3,1,0.7,1.3,2,2,1.7,0,0.3,1.3,7.7,
422,Taylor Hendricks,21,UTA,PF,3,3,25,1.3,6,0.222,1,4,0.25,0.3,2,0.167,0.306,1,1.3,0.75,1.7,3.3,5,0.7,1.7,1.3,0.7,2.7,4.7,
423,Aaron Holiday,28,HOU,PG,39,3,12.2,1.7,4,0.419,0.9,2.5,0.343,0.8,1.4,0.554,0.529,0.5,0.6,0.913,0.2,1,1.2,1.3,0.4,0.1,0.5,1.2,4.7,
424,Jordan Miller,25,LAC,SF,30,0,12.4,1.8,4.2,0.429,0.3,1.2,0.222,1.5,3,0.511,0.46,0.9,1.1,0.788,0.7,1,1.7,1.1,0.5,0.2,0.7,0.7,4.7,
425,Zach Collins,27,2TM,PF,37,4,11.8,1.7,3.6,0.463,0.4,1.3,0.313,1.3,2.3,0.547,0.519,0.9,1,0.892,1.1,1.8,2.9,1.4,0.4,0.4,0.6,1.9,4.6,
426,Zach Collins,27,SAS,C,36,4,11.8,1.7,3.7,0.462,0.4,1.3,0.304,1.3,2.4,0.547,0.515,0.9,1,0.886,1.1,1.8,2.8,1.4,0.4,0.4,0.6,1.9,4.6,
427,Zach Collins,27,CHI,PF,1,0,12,1,2,0.5,1,2,0.5,0,0,,0.75,2,2,1,1,4,5,0,0,0,0,1,5,
428,Mo Bamba,26,LAC,C,28,2,12.6,1.7,3.7,0.466,0.5,1.8,0.3,1.2,1.9,0.623,0.539,0.6,0.9,0.68,0.9,3.4,4.3,0.6,0.3,1,0.7,1.8,4.6,
429,Charles Bassey,24,SAS,C,32,1,10.8,2,3.4,0.573,0,0,,2,3.4,0.573,0.573,0.7,1,0.636,1.7,2.8,4.6,0.4,0.4,0.9,0.7,1.4,4.6,
430,Trevelin Queen,27,ORL,SG,24,2,15,1.7,4.8,0.353,0.7,2.6,0.258,1,2.3,0.463,0.422,0.5,0.6,0.867,0.8,0.9,1.8,1.4,1,0.3,0.8,1.5,4.6,
431,Trentyn Flowers,19,LAC,SF,2,0,8,2,4.5,0.444,0,1,0,2,3.5,0.571,0.444,0.5,0.5,1,0.5,1.5,2,0,0,0,0.5,1.5,4.5,
432,Jett Howard,21,ORL,SF,45,0,11.2,1.6,4.3,0.37,1,3.1,0.319,0.6,1.2,0.5,0.484,0.3,0.4,0.833,0.4,0.8,1.2,0.7,0.2,0.2,0.5,1,4.5,
433,Sandro Mamukelashvili,25,SAS,PF,33,0,8,1.6,2.8,0.564,0.7,1.7,0.436,0.9,1.2,0.744,0.691,0.6,0.8,0.704,0.6,1.7,2.3,0.5,0.2,0.2,0.4,0.6,4.5,
434,David Roddy,23,ATL,PF,27,3,12.8,1.6,3.4,0.473,0.6,1.6,0.372,1,1.9,0.56,0.559,0.7,0.8,0.818,0.4,2.2,2.6,1.1,0.4,0.3,0.7,0.7,4.5,
435,Malaki Branham,21,SAS,SG,31,0,9.3,1.6,3.6,0.434,0.7,1.7,0.396,0.9,1.9,0.467,0.527,0.5,0.6,0.85,0.1,1,1.1,0.8,0.2,0.1,0.9,0.5,4.4,
436,Reggie Jackson,34,PHI,PG,31,1,12.4,1.7,4.3,0.391,0.8,2.4,0.338,0.9,1.9,0.458,0.485,0.2,0.3,0.778,0.3,1.1,1.4,1.5,0.5,0.1,0.5,1.1,4.4,
437,Pat Connaughton,32,MIL,SG,30,0,15,1.6,3.8,0.425,0.7,2.1,0.323,0.9,1.7,0.549,0.513,0.4,0.6,0.765,0.6,2.2,2.7,1.7,0.2,0.3,0.6,1.1,4.3,
438,Paul Reed,25,DET,C,30,0,9.9,1.7,3.2,0.531,0.2,0.7,0.3,1.5,2.5,0.592,0.563,0.7,0.9,0.815,0.9,1.7,2.6,1,1,0.6,0.5,1.7,4.3,
439,Daniel Theis,32,NOP,C,38,9,16.3,1.6,3.4,0.473,0.2,1,0.243,1.4,2.4,0.565,0.508,0.8,1,0.838,1.2,3.2,4.3,1.6,0.5,0.5,0.7,1.8,4.3,
440,Julian Phillips,21,CHI,SF,53,3,12.8,1.5,3.3,0.446,0.6,1.8,0.326,0.9,1.5,0.585,0.534,0.6,0.9,0.723,0.8,1.1,1.9,0.4,0.4,0.2,0.4,1.3,4.2,
441,Antonio Reeves,24,NOP,SG,24,0,10.6,1.6,4,0.402,0.7,2.1,0.314,1,1.9,0.5,0.485,0.3,0.3,0.875,0.4,0.8,1.2,0.8,0.4,0,0.3,0.5,4.2,
442,Jock Landale,29,HOU,C,27,0,10.7,1.6,3.3,0.483,0.2,0.4,0.5,1.4,2.9,0.481,0.517,0.7,1.1,0.667,1.4,1.9,3.3,0.9,0.2,0.3,0.5,1,4.1,
443,Kris Murray,24,POR,SF,45,1,13.6,1.7,3.7,0.455,0.4,1.5,0.279,1.2,2.2,0.577,0.512,0.4,0.8,0.421,1,1.2,2.2,0.9,0.4,0.2,0.5,0.9,4.1,
444,Kyle Lowry,38,PHI,PG,33,12,18.9,1.2,3.4,0.351,0.8,2.5,0.337,0.3,0.8,0.393,0.477,0.8,1,0.818,0.3,1.6,2,2.8,0.9,0.3,0.6,1.8,4,
445,Dariq Whitehead,20,BRK,SF,9,0,6.3,1.3,2.8,0.48,1.2,2.3,0.524,0.1,0.4,0.25,0.7,0.1,0.3,0.333,0.1,0.6,0.7,0.1,0.3,0.1,0.7,0.2,4,
446,Josh Richardson,31,MIA,SG,8,0,18.8,1.4,4.8,0.289,0.8,2.8,0.273,0.6,2,0.313,0.368,0.5,0.5,1,0.8,0.8,1.5,1.5,1,0.1,1,2.1,4,
447,Cam Spencer,24,MEM,SG,10,0,12.1,1.3,3,0.433,0.5,1.6,0.313,0.8,1.4,0.571,0.517,0.9,0.9,1,0.5,1.2,1.7,1.6,0.3,0.1,0.5,1.1,4,
448,Oscar Tshiebwe,25,UTA,C,4,0,13.5,1,1.5,0.667,0,0,,1,1.5,0.667,0.667,2,2.5,0.8,1.8,4,5.8,0.3,1.3,0,0.3,3,4,
449,TyTy Washington Jr.,23,PHO,PG,7,0,12.4,1.6,4.6,0.344,0.4,2.1,0.2,1.1,2.4,0.471,0.391,0.4,0.6,0.75,0.6,1.1,1.7,1.7,0.4,0,0.3,0.1,4,
450,Ousmane Dieng,21,OKC,C,29,0,11.4,1.4,3.6,0.404,0.6,2,0.288,0.9,1.6,0.556,0.486,0.4,0.6,0.688,0.5,1.8,2.3,0.9,0.5,0.2,0.5,0.9,3.9,
451,Andre Jackson Jr.,23,MIL,SG,51,43,17.3,1.6,3.4,0.471,0.5,1.4,0.386,1.1,2,0.529,0.549,0.2,0.4,0.556,1.1,2.1,3.2,1.5,0.6,0.3,1,2.1,3.9,
452,Mason Plumlee,34,PHO,C,53,18,17.5,1.5,2.6,0.571,0,0,0,1.5,2.6,0.58,0.571,0.9,1.4,0.627,1.7,4.6,6.3,1.9,0.5,0.7,0.9,2.2,3.9,
453,Olivier-Maxence Prosper,22,DAL,PF,45,4,10.8,1.4,3.4,0.414,0.2,1,0.205,1.2,2.4,0.5,0.444,0.9,1.3,0.65,0.9,1.5,2.4,0.8,0.5,0.1,0.3,0.5,3.9,
454,Gui Santos,22,GSW,PF,30,1,12.5,1.3,2.8,0.47,0.7,1.8,0.407,0.6,1,0.586,0.602,0.5,0.8,0.696,1.1,1.7,2.8,1.1,0.4,0.1,0.7,1.5,3.9,
455,Dalen Terry,22,CHI,SG,49,1,12.6,1.4,3.1,0.454,0.4,1.2,0.351,1,1.9,0.516,0.52,0.7,1,0.673,0.6,0.9,1.5,1.2,0.5,0.2,0.7,1.5,3.9,
456,Cody Williams,20,UTA,SG,29,12,20.4,1.3,4.3,0.302,0.6,2.3,0.239,0.8,2,0.373,0.365,0.7,1,0.714,0.5,1.5,2,1.3,0.6,0.3,0.9,1.9,3.9,
457,Jeenathan Williams,25,HOU,SG,7,0,5.6,1.7,2.6,0.667,0.4,1,0.429,1.3,1.6,0.818,0.75,0,0,,0.1,0.6,0.7,0.6,0.4,0.4,0.6,0.4,3.9,
458,Pelle Larsson,23,MIA,SG,36,1,12.6,1.3,2.9,0.453,0.5,1.5,0.34,0.8,1.5,0.566,0.538,0.6,0.9,0.667,0.4,1.1,1.5,0.9,0.4,0.1,0.4,1.7,3.8,
459,Micah Potter,26,UTA,C,25,9,16.9,1.3,3,0.427,0.9,2.4,0.373,0.4,0.6,0.625,0.573,0.4,0.4,0.9,1,2.9,3.9,0.7,0.2,0.4,0.7,1.3,3.8,
460,Jae'Sean Tate,29,HOU,SF,36,2,11.9,1.4,3.1,0.464,0.3,0.8,0.3,1.2,2.2,0.525,0.505,0.8,1.1,0.659,0.9,1.3,2.2,0.9,0.6,0.1,0.4,1.8,3.8,
461,Patty Mills,36,2TM,PG,20,0,13.6,1.3,4,0.329,0.9,3,0.283,0.5,1,0.474,0.437,0.3,0.3,1,0.2,0.9,1.1,1.2,0.7,0.2,0.8,0.7,3.7,
462,Patty Mills,36,UTA,PG,17,0,15.3,1.5,4.5,0.342,1,3.4,0.298,0.5,1.1,0.474,0.454,0.3,0.3,1,0.2,1.1,1.2,1.2,0.7,0.2,0.9,0.7,4.4,
463,Patty Mills,36,LAC,PG,3,0,4,0,1,0,0,1,0,0,0,,0,0,0,,0,0,0,1,0.3,0,0,0.3,0,
464,Steven Adams,31,HOU,C,38,2,12.6,1.4,2.7,0.529,0,0,,1.4,2.7,0.529,0.529,0.8,1.7,0.446,2.8,2.6,5.3,1.1,0.3,0.4,0.9,1,3.7,
465,Devin Carter,22,SAC,PG,16,0,9.9,1.2,3.8,0.311,0.5,1.9,0.258,0.7,1.9,0.367,0.377,0.8,1.1,0.722,0.4,2.1,2.5,1.3,0.3,0.2,0.5,0.9,3.7,
466,Damion Lee,32,PHO,SG,15,0,6.7,1.1,3.4,0.333,0.3,1.7,0.2,0.8,1.7,0.462,0.382,1.1,1.1,0.941,0.1,0.7,0.9,0.5,0.3,0,0.4,0.3,3.7,
467,Brandon Williams,25,DAL,PG,19,0,8.4,1.3,2.8,0.453,0.5,1.2,0.409,0.8,1.6,0.484,0.538,0.7,0.9,0.765,0.1,0.7,0.8,1.2,0.3,0.1,0.7,0.6,3.7,
468,Jevon Carter,29,CHI,PG,26,0,7.2,1.3,3.2,0.402,0.8,2.2,0.362,0.5,0.9,0.5,0.53,0.2,0.3,0.75,0.1,0.9,1,1,0.3,0,0.3,0.3,3.6,
469,Isaac Jones,24,SAC,PF,25,0,8.7,1.5,2.3,0.655,0,0.2,0.25,1.5,2.2,0.685,0.664,0.6,1,0.538,0.6,1,1.5,0.3,0.1,0.3,0.5,1,3.6,
470,Jabari Walker,22,POR,SF,39,1,10.5,1.4,3,0.47,0.3,1,0.282,1.1,2,0.564,0.517,0.5,0.8,0.667,0.8,2.2,3,0.5,0.5,0.1,0.5,1.3,3.6,
471,Jamal Cain,25,NOP,SF,21,0,12.3,1.2,3,0.406,0.5,1.7,0.278,0.8,1.3,0.571,0.484,0.6,0.9,0.667,0.8,1.5,2.3,0.5,0.4,0.3,0.5,1.1,3.5,
472,Jeff Dowtin,27,PHI,PG,24,0,11.2,1.4,3.5,0.388,0.3,1,0.24,1.1,2.5,0.45,0.424,0.5,0.7,0.706,0.1,1,1.2,1.5,0.3,0.2,0.2,0.6,3.5,
473,Oso Ighodaro,22,PHO,PF,41,2,14.8,1.5,2.6,0.574,0,0,0,1.5,2.6,0.585,0.574,0.5,0.9,0.528,0.8,2.4,3.2,1,0.4,0.4,0.6,1.5,3.5,
474,DeAndre Jordan,36,DEN,C,40,2,11.9,1.6,2.5,0.653,0,0,,1.6,2.5,0.653,0.653,0.3,0.8,0.419,1.4,3.3,4.7,0.9,0.3,0.5,0.7,1.3,3.5,
475,Karlo Matković,23,NOP,PF,17,2,14,1.4,2.8,0.489,0.3,0.8,0.357,1.1,1.9,0.545,0.543,0.5,0.5,1,1.3,2.3,3.6,0.8,0.6,1.2,0.9,2,3.5,
476,Dario Šarić,30,DEN,C,14,4,14.2,1.3,3.9,0.333,0.4,1.7,0.25,0.9,2.1,0.4,0.389,0.5,0.7,0.7,1,2.5,3.5,1.6,0.5,0.1,1,1.3,3.5,
477,Reed Sheppard,20,HOU,PG,40,0,11.6,1.3,4.1,0.311,0.7,2.5,0.273,0.6,1.6,0.369,0.393,0.2,0.3,0.9,0.4,1,1.4,1.1,0.6,0.4,0.6,0.9,3.5,
478,Bruno Fernando,26,TOR,C,17,2,8.6,1.5,2.9,0.531,0,0,,1.5,2.9,0.531,0.531,0.4,0.5,0.75,1.2,1.8,3,1.1,0.2,0.5,0.8,1.6,3.4,
479,Collin Gillespie,25,PHO,PG,8,0,5.5,1.3,2.3,0.556,0.4,0.8,0.5,0.9,1.5,0.583,0.639,0.5,0.6,0.8,0.4,0.5,0.9,0.9,0.3,0.3,0.3,0.5,3.4,
480,Doug McDermott,33,SAC,SF,31,3,8.4,1.2,2.7,0.424,1,2.3,0.431,0.2,0.4,0.385,0.606,0.1,0.2,0.6,0.1,0.5,0.5,0.1,0.1,0,0.2,0.9,3.4,
481,Nicolas Batum,36,LAC,PF,52,1,17.4,1.1,2.9,0.384,0.9,2.4,0.376,0.2,0.5,0.423,0.54,0.2,0.3,0.786,0.7,2.2,2.9,1.3,0.6,0.4,0.4,1.5,3.3,
482,Luka Garza,26,MIN,C,23,0,5.6,1.3,2.9,0.463,0.2,1,0.227,1.1,2,0.578,0.5,0.4,0.6,0.643,0.9,0.7,1.7,0.2,0.1,0,0.3,0.8,3.3,
483,Gary Harris,30,ORL,SG,27,2,15.9,1.2,3.1,0.386,0.8,2.4,0.338,0.4,0.7,0.556,0.518,0.1,0.3,0.5,0.5,0.7,1.2,0.6,0.6,0.3,0.4,0.9,3.3,
484,Jalen Pickett,25,DEN,SG,25,0,11.3,1.3,3,0.434,0.6,1.6,0.385,0.7,1.5,0.486,0.533,0.1,0.1,1,0.2,1,1.2,1.9,0.3,0.1,0.4,0.5,3.3,
485,Cam Reddish,25,LAL,SF,31,8,18.1,1.2,2.8,0.43,0.4,1.5,0.289,0.8,1.3,0.585,0.506,0.5,0.8,0.615,0.5,1.5,2,0.7,1,0.3,0.4,1.4,3.3,
486,Landry Shamet,27,NYK,SG,22,0,11,1.4,3,0.455,0.5,1.6,0.306,0.9,1.4,0.633,0.538,0.1,0.2,0.4,0.2,0.5,0.8,0.6,0.4,0.1,0.4,0.8,3.3,
487,Orlando Robinson,24,2TM,C,20,0,10.1,1.2,3,0.383,0.1,0.6,0.167,1.1,2.4,0.438,0.4,0.8,1.1,0.727,0.9,1.9,2.8,1,0.4,0.2,0.6,1.5,3.2,
488,Orlando Robinson,24,SAC,C,9,0,6.3,0.8,1.9,0.412,0.1,0.6,0.2,0.7,1.3,0.5,0.441,0.4,0.8,0.571,0.3,1.2,1.6,1,0.3,0.1,0.4,0.7,2.1,
489,Orlando Robinson,24,TOR,C,11,0,13.2,1.5,3.9,0.372,0.1,0.6,0.143,1.4,3.3,0.417,0.384,1.1,1.4,0.8,1.3,2.5,3.7,1,0.4,0.3,0.7,2.1,4.1,
490,Moses Brown,25,IND,C,9,0,5.1,1.4,2.2,0.65,0,0,,1.4,2.2,0.65,0.65,0.3,0.6,0.6,0.4,1,1.4,0,0.2,0.1,0.7,0.7,3.2,
491,Elijah Harkless,24,UTA,SG,10,0,13.8,1.1,3.5,0.314,0.7,2.5,0.28,0.4,1,0.4,0.414,0.3,0.6,0.5,0.9,1.2,2.1,0.8,1,0.1,0.3,1.8,3.2,
492,Wendell Moore Jr.,23,DET,SG,20,1,11,1.2,2.5,0.46,0.2,0.7,0.286,1,1.8,0.528,0.5,0.7,0.7,0.929,0.6,1.7,2.2,1.2,0.5,0.2,0.5,0.8,3.2,
493,Jaylon Tyson,22,CLE,SG,35,2,9.8,1.2,2.6,0.457,0.4,1.1,0.378,0.8,1.6,0.509,0.533,0.4,0.5,0.778,0.8,1.4,2.2,0.9,0.2,0.1,0.5,1.2,3.2,
494,Kylor Kelley,27,DAL,C,7,1,8.6,1.3,1.6,0.818,0,0,,1.3,1.6,0.818,0.818,0.6,0.9,0.667,1.1,1.7,2.9,0.1,0,0.3,0.1,1.1,3.1,
495,Craig Porter Jr.,24,CLE,PG,33,0,9.4,1.2,2.2,0.556,0.3,0.8,0.44,0.9,1.4,0.617,0.632,0.3,0.4,0.769,0.2,0.8,1.1,1.3,0.4,0.3,0.6,0.5,3.1,
496,Terrence Shannon Jr.,24,MIN,SG,16,0,8,1.3,2.7,0.465,0.3,0.9,0.267,1,1.8,0.571,0.512,0.4,0.5,0.75,0.3,0.7,0.9,0.9,0.3,0.1,0.4,0.4,3.1,
497,JT Thor,22,CLE,PF,9,0,4.7,1,1.7,0.6,0.3,0.7,0.5,0.7,1,0.667,0.7,0.8,0.9,0.875,0.3,0.3,0.7,0.1,0.2,0.3,0.7,0.7,3.1,
498,Jarred Vanderbilt,25,LAL,PF,9,0,16.6,1.3,3.1,0.429,0.2,0.9,0.25,1.1,2.2,0.5,0.464,0.2,0.7,0.333,2.1,4,6.1,1.2,1.2,0.1,0.9,1.7,3.1,
499,Dominick Barlow,21,ATL,SF,16,2,8.2,1.3,2.8,0.455,0.3,0.8,0.333,1,2,0.5,0.5,0.3,0.5,0.5,0.4,1.3,1.6,0.3,0.2,0.4,0.1,0.8,3,
500,Adem Bona,21,PHI,C,37,1,11.1,1.1,1.6,0.695,0,0,,1.1,1.6,0.695,0.695,0.8,1.2,0.636,1,1.8,2.8,0.3,0.2,0.8,0.7,1.9,3,