Rk,Player,Age,Team,Pos,G,GS,MP,PER,TS%▼,3PAr,FTr,ORB%,DRB%,TRB%,AST%,STL%,BLK%,TOV%,USG%,OWS,DWS,WS,WS/48,OBPM,DBPM,BPM,VORP,Awards
1,Nikola Jokić,27,DEN,C,69,69,2323,31.5,0.701,0.146,0.406,8.5,31.3,20.2,46.6,1.8,1.8,17,27.2,11.2,3.8,14.9,0.308,8.5,4.5,13,8.8,"MVP-2,CPOY-13,AS,NBA2"
2,Nic Claxton,23,BRK,C,76,76,2271,20.8,0.691,0.003,0.419,9.3,25.1,17.4,9.3,1.4,7.1,12.1,15.4,5.2,4,9.2,0.195,0.9,2.2,3.1,2.9,DPOY-9
3,Mason Plumlee,32,2TM,C,79,60,2054,19.6,0.689,0,0.647,11.8,25.1,18.4,17.3,1.1,2,15.8,15.2,5.5,2.4,7.9,0.185,1.2,1,2.2,2.2,
4,Austin Reaves,24,LAL,SG,64,22,1843,14.9,0.687,0.441,0.541,2,9,5.6,15.7,0.8,0.9,14,16.2,4.1,1.4,5.4,0.142,0.6,0.1,0.7,1.2,6MOY-7
5,Onyeka Okongwu,22,ATL,C,80,18,1849,19.4,0.678,0.026,0.394,12.7,21.5,17,5.8,1.4,4.9,12.2,15.1,4.7,2.4,7.1,0.185,0,0.8,0.8,1.3,
6,Kevin Durant,34,2TM,PF,47,47,1672,25.9,0.677,0.267,0.387,1.2,19.5,10.5,24.5,1,3.4,13.4,30.7,4.7,2.1,6.8,0.194,6,1.2,7.1,3.9,AS
7,Rudy Gobert,30,MIN,C,70,70,2148,18.9,0.675,0.005,0.623,12.2,29.8,21.2,5.6,1.2,3.9,14.9,16.3,4.3,3.5,7.8,0.174,0,0.7,0.7,1.4,
8,Jarrett Allen,24,CLE,C,68,68,2220,19.9,0.67,0.016,0.353,11.7,23.6,17.7,7.5,1.2,3.5,11.4,16.4,5.5,4,9.5,0.205,1.3,1,2.4,2.4,
9,Domantas Sabonis,26,SAC,C,79,79,2736,23.5,0.668,0.088,0.467,10.6,30,20.3,30.4,1.1,1.2,16.9,21.3,9.6,3,12.6,0.221,4.1,1.8,5.8,5.4,"MVP-7,AS,NBA3"
10,Ivica Zubac,25,LAC,C,76,76,2170,16.7,0.661,0.004,0.463,12.3,26.5,19.5,5.1,0.7,4,15.9,14.8,3.8,2.9,6.7,0.149,-1.1,0.2,-0.9,0.6,
11,Corey Kispert,23,WAS,SF,74,45,2093,11.5,0.657,0.656,0.15,1.8,8.9,5.5,5.7,0.7,0.4,8.1,14.1,2.9,0.9,3.8,0.088,-0.1,-1.4,-1.5,0.2,
12,Clint Capela,28,ATL,C,65,63,1730,22.1,0.656,0.002,0.244,16.1,29.4,22.7,4.7,1.2,3.9,8.3,15.7,4.9,2.4,7.2,0.201,2.3,-0.1,2.2,1.8,
13,Stephen Curry,34,GSW,PG,56,56,1941,24.1,0.656,0.564,0.248,2.3,16.8,9.7,30,1.3,0.9,12.5,31,5.8,2,7.8,0.192,7.5,0.1,7.5,4.7,"MVP-9,CPOY-9,AS,NBA2"
14,Joel Embiid,28,PHI,C,66,66,2284,31.4,0.655,0.151,0.581,5.9,28.3,17.3,22.9,1.4,4.6,11.9,37,8.4,3.9,12.3,0.259,6.8,2.3,9.2,6.4,"MVP-1,DPOY-9,CPOY-5,AS,NBA1"
15,Zion Williamson,22,NOP,PF,29,29,956,25.2,0.652,0.041,0.529,6.9,17,12,24.4,1.6,1.6,14.6,30.4,2.3,1.2,3.6,0.18,4.8,1,5.8,1.9,AS
16,Myles Turner,26,IND,C,62,62,1825,20,0.651,0.34,0.377,5.4,22.9,14.2,7.5,0.9,6.6,10.8,22,3.4,2,5.4,0.142,1.4,0.7,2.1,1.9,
17,Trey Murphy III,22,NOP,SF,79,65,2448,15.2,0.65,0.621,0.238,2.7,10.3,6.5,6.4,1.8,1.7,6.5,16.6,4.8,2.8,7.6,0.15,1.4,0.4,1.8,2.3,
18,Jimmy Butler,33,MIA,PF,64,64,2138,27.6,0.647,0.116,0.625,7.5,13.3,10.3,27.1,2.7,1,8.2,25.6,9.4,2.9,12.3,0.277,6.7,2,8.7,5.8,"MVP-10,DPOY-12,CPOY-2,NBA2"
19,Damian Lillard,32,POR,PG,58,58,2107,26.7,0.645,0.547,0.464,2.4,12.8,7.6,35,1.2,0.8,11.7,33.8,8.2,0.8,9,0.205,8.3,-1.2,7.1,4.9,"CPOY-10,AS,NBA3"
20,Kelly Olynyk,31,UTA,C,68,68,1942,14.4,0.643,0.424,0.417,4.6,18.6,11.7,17.6,1.5,1.6,20.3,17.8,2.4,1.9,4.3,0.106,-0.4,0.9,0.4,1.2,
21,Lauri Markkanen,25,UTA,PF,66,66,2273,22.1,0.64,0.446,0.348,6.3,20.7,13.6,8.6,0.9,1.4,8.8,26.6,6.3,1.9,8.2,0.173,4.9,-1,3.8,3.3,"MIP-1,AS"
22,KJ Martin,22,HOU,SF,82,49,2292,15.4,0.635,0.3,0.308,6,15.8,10.8,8.1,0.9,1.3,10,16.4,4.2,0.7,4.9,0.103,0.6,-1.3,-0.7,0.7,
23,Jakob Poeltl,27,2TM,C,72,71,1906,21,0.635,0.002,0.325,13,25.5,19,15.2,1.7,4,15,18.2,3.7,2.2,6,0.15,1.1,0.8,1.9,1.9,
24,Harrison Barnes,30,SAC,PF,82,82,2662,14.1,0.632,0.446,0.522,3.8,11.9,7.9,6.3,1,0.3,8.1,17.1,5.1,1.4,6.5,0.118,0.5,-1.5,-1,0.7,
25,Brook Lopez,34,MIL,C,78,78,2373,18.4,0.63,0.405,0.211,7.2,15.3,11.4,6.1,0.7,6.7,9.8,19.3,4.1,3.9,8,0.161,0.8,1.3,2.1,2.5,DPOY-2
26,Bojan Bogdanović,33,DET,PF,59,59,1893,17.4,0.627,0.4,0.344,2,11.3,6.5,13.6,0.9,0.4,11.7,25.9,3.1,0.4,3.5,0.09,2.6,-1.8,0.8,1.4,
27,Anthony Davis,29,LAL,C,56,54,1904,27.8,0.627,0.077,0.462,11.3,27.6,19.7,13,1.5,5.1,9.5,28.4,5.5,3.4,9,0.226,4.6,1.7,6.3,4,
28,Kristaps Porziņģis,27,WAS,C,65,65,2120,23.1,0.627,0.35,0.409,6.2,21.8,14.3,12.9,1.3,4,10.2,27.4,5,2.7,7.7,0.174,3.8,0.5,4.3,3.4,
29,Isaiah Joe,23,OKC,SG,73,10,1395,14.5,0.626,0.776,0.197,2,11.6,6.7,8.7,1.6,0.5,6.6,17.7,2.5,1.3,3.8,0.131,1.3,-0.4,0.9,1,
30,Shai Gilgeous-Alexander,24,OKC,PG,68,68,2416,27.2,0.626,0.122,0.535,2.6,12.2,7.3,25.7,2.2,2.5,10.1,32.8,8.4,3,11.4,0.226,5.7,1.5,7.3,5.6,"MVP-5,CPOY-7,AS,NBA1"
31,Tyrese Haliburton,22,IND,PG,56,56,1883,23.6,0.624,0.478,0.239,1.9,10.1,6,47.6,2.3,1.1,13.2,23.8,6.4,1.2,7.6,0.195,7,0.2,7.2,4.4,AS
32,Christian Wood,27,DAL,C,67,17,1738,20.6,0.624,0.363,0.365,5.8,27.4,16.4,11.7,0.9,3.7,11.9,26.4,2.7,2.1,4.8,0.132,1.9,-0.3,1.7,1.6,6MOY-9
33,Kawhi Leonard,31,LAC,SF,52,50,1748,23.9,0.623,0.287,0.32,3.7,17.8,10.8,19.6,2,1.4,8.1,27,4.9,2.2,7.1,0.194,5.1,0.9,6.1,3.5,
34,Josh Hart,27,2TM,SF,76,52,2454,14.1,0.622,0.315,0.338,6.5,21,13.7,16.1,1.8,0.8,16.4,12.6,3.8,2.2,6,0.118,-0.2,1.1,0.9,1.8,
35,Wendell Carter Jr.,23,ORL,C,57,54,1690,17.3,0.621,0.367,0.318,8,25.3,16.6,12,0.9,1.9,13.2,20.5,2.6,2,4.6,0.13,0.9,0.1,1,1.3,
36,Michael Porter Jr.,24,DEN,SF,62,62,1798,16.8,0.621,0.556,0.147,4.2,17.2,10.9,5.3,1,1.4,7.3,22.7,2.6,1.8,4.3,0.116,2,-1.8,0.2,1,
37,Quentin Grimes,22,NYK,SG,71,66,2121,11.7,0.619,0.676,0.163,2.5,9.4,5.9,9.7,1.1,1.2,9.7,14.4,3.2,1.6,4.8,0.108,-0.3,0.1,-0.1,1,
38,Terance Mann,26,LAC,SG,81,36,1872,13.4,0.619,0.378,0.225,4.7,11.8,8.3,14,1.1,1,12.2,15.3,2.8,1.5,4.3,0.111,-0.3,0.1,-0.2,0.8,
39,Kevin Huerter,24,SAC,SG,75,75,2203,15.2,0.617,0.589,0.151,2.2,10.8,6.5,14.1,1.7,1,9.5,19.9,3.3,1.7,4.9,0.107,1.4,-0.3,1,1.7,
40,Naz Reid,23,MIN,C,68,11,1251,18.5,0.617,0.376,0.22,6.6,22.8,14.9,9.6,1.6,3.7,12.7,24.8,1.1,1.9,3,0.114,0.3,0.8,1,1,
41,Cameron Johnson,26,2TM,PF,42,41,1199,17.1,0.617,0.538,0.253,3.2,14,8.6,9.6,2,1,6.6,20.6,2.1,1.4,3.5,0.142,2,0.6,2.6,1.4,
42,Deandre Ayton,24,PHO,C,67,67,2035,19.9,0.617,0.027,0.225,9.2,27.5,18.1,9.2,0.9,2.3,11,22.9,3.3,3,6.2,0.147,0.9,0,0.9,1.5,
43,Aaron Gordon,27,DEN,PF,68,68,2055,19.5,0.617,0.227,0.413,9.4,15.4,12.5,14.2,1.3,2.2,9.8,21.1,4.6,2.2,6.8,0.158,2.4,-0.3,2.1,2.1,
44,Collin Sexton,24,UTA,PG,48,15,1145,15.9,0.616,0.261,0.425,3.5,6.3,5,17.9,1.1,0.4,13.3,23.4,2,0.5,2.5,0.105,0.1,-1.5,-1.3,0.2,
45,Malcolm Brogdon,30,BOS,PG,67,0,1744,18.2,0.615,0.406,0.251,2.7,14.7,8.8,21.5,1.3,0.9,10.8,22.8,3.6,2.2,5.8,0.161,2.3,0.6,2.8,2.1,6MOY-1
46,Donovan Mitchell,26,CLE,SG,68,68,2432,22.9,0.614,0.453,0.262,3.1,10.9,7,21.4,2,1,10.3,32.1,5.4,3.5,8.9,0.176,5.6,0.6,6.3,5,"MVP-6,CPOY-6,AS,NBA2"
47,Buddy Hield,30,IND,SF,80,73,2482,15.4,0.614,0.652,0.124,3,14.9,8.9,13.3,1.8,0.9,11.3,20.8,2.7,1.6,4.4,0.085,2.5,-0.6,1.9,2.4,
48,Kyrie Irving,30,2TM,SG,60,60,2241,22.4,0.613,0.412,0.227,3,12.3,7.7,25.4,1.4,1.7,8.8,28.9,5.4,2,7.4,0.159,4.8,-0.7,4.1,3.5,"CPOY-12,AS"
49,Jaren Jackson Jr.,23,MEM,C,63,63,1787,21.6,0.613,0.343,0.372,6.4,18.8,12.6,5,1.7,9.6,10.1,24.7,2.8,3.8,6.6,0.177,0.7,2,2.8,2.2,"DPOY-1,AS"
50,Norman Powell,29,LAC,SG,60,8,1567,17.1,0.612,0.404,0.39,1.7,10.7,6.3,11,1.6,1,10.8,26,2.1,1.4,3.5,0.107,0.9,-0.7,0.3,0.9,6MOY-4
51,Grayson Allen,27,MIL,SG,72,70,1972,12.3,0.612,0.657,0.226,3.4,9,6.3,10.9,1.5,0.6,10.5,14.6,2.8,2.2,5.1,0.123,-0.6,0.7,0.1,1,
52,Jaden McDaniels,22,MIN,SF,79,79,2416,12,0.611,0.376,0.201,4.3,9.8,7.1,8.4,1.5,2.7,12.6,15.8,2,2.4,4.4,0.087,-1.7,0.5,-1.2,0.5,
53,Georges Niang,29,PHI,PF,78,1,1512,10.9,0.61,0.765,0.09,1.5,12.8,7.2,7.3,1,0.9,9.4,17,1.1,1.4,2.5,0.078,-0.4,-1,-1.4,0.2,
54,Jonas Valančiūnas,30,NOP,C,79,79,1968,19.3,0.61,0.134,0.275,13,33.3,23.1,11.1,0.5,2.5,14.8,23.4,2.8,3,5.8,0.142,0,-0.4,-0.4,0.8,
55,Luka Dončić,23,DAL,PG,66,66,2391,28.7,0.609,0.373,0.479,2.6,25.4,13.8,42.3,1.9,1.2,11.9,37.6,7.3,2.9,10.2,0.204,7.6,1.4,8.9,6.6,"MVP-8,CPOY-8,AS,NBA1"
56,Keita Bates-Diop,27,SAS,PF,67,42,1452,14.9,0.609,0.305,0.323,4.7,14.3,9.3,9.8,1.5,1.1,9.5,16.7,2.1,0.6,2.7,0.089,0.3,-0.9,-0.6,0.5,
57,James Harden,33,PHI,PG,58,58,2135,21.6,0.607,0.496,0.429,2.3,17.1,9.8,43.3,1.6,1.4,16.3,25,5.8,2.6,8.4,0.188,5.1,0.3,5.4,4,
58,Jayson Tatum,24,BOS,SF,74,74,2732,23.7,0.607,0.44,0.399,3.2,22.5,13,20.9,1.4,1.6,10.4,32.7,6.2,4.3,10.5,0.185,4.8,0.7,5.5,5.1,"MVP-4,CPOY-10,AS,NBA1"
59,Zach LaVine,27,CHI,SG,77,77,2768,19,0.607,0.392,0.308,1.7,12.2,7.1,18.7,1.2,0.6,11,28.3,4.2,2.9,7.1,0.123,2.7,-0.7,1.9,2.7,
60,Damion Lee,30,PHO,SG,74,5,1506,10.7,0.607,0.546,0.23,2.8,14,8.3,8.9,1,0.4,13.5,16.3,1.1,1.4,2.6,0.081,-1.3,-0.4,-1.7,0.1,
61,Jerami Grant,28,POR,PF,63,63,2246,16,0.606,0.393,0.375,2.7,11.9,7.2,10.3,1.1,2.1,9.8,22.8,3.1,1,4.1,0.087,1.2,-1.4,-0.2,1,
62,Desmond Bane,24,MEM,SG,58,58,1841,19.1,0.606,0.433,0.218,2.5,14.3,8.4,20.8,1.4,1.1,10.9,26.1,3.5,2.3,5.8,0.151,3.3,0.1,3.5,2.5,
63,Giannis Antetokounmpo,28,MIL,PF,63,63,2024,29,0.605,0.134,0.604,7.3,30,19.1,33.2,1.2,2.1,13.2,38.8,4.9,3.7,8.6,0.204,5.8,2.7,8.5,5.4,"MVP-3,DPOY-6,AS,NBA1"
64,D'Angelo Russell,26,2TM,PG,71,71,2304,16.3,0.605,0.517,0.228,1.7,8.5,5.2,27.4,1.4,1.1,15.1,22.7,3.1,1.9,5.1,0.106,2.1,-0.7,1.5,2,
65,Grant Williams,24,BOS,PF,79,23,2045,10.3,0.605,0.611,0.256,4.7,14.5,9.7,8.4,1,1.3,13.4,13.1,1.9,2.6,4.4,0.104,-1.8,0.7,-1.1,0.5,
66,Tyrese Maxey,22,PHI,SG,60,41,2016,17,0.605,0.404,0.233,1.4,8.8,5.2,16.9,1.2,0.4,7.4,24.1,3.7,1.6,5.4,0.128,1.9,-1.2,0.6,1.3,
67,Jarred Vanderbilt,23,2TM,PF,78,65,1879,15.1,0.604,0.2,0.308,10,23.2,16.7,13.1,2.1,0.9,15.9,13.6,2.7,2.5,5.2,0.132,-0.6,1.6,1.1,1.5,
68,Derrick White,28,BOS,SG,82,70,2319,15.4,0.604,0.516,0.253,2.5,11.2,6.9,19.4,1.1,2.8,10.1,17.7,4.4,3.1,7.4,0.154,1.1,1.3,2.4,2.6,
69,Bol Bol,23,ORL,PF,70,33,1505,14.4,0.603,0.236,0.226,5.2,25.3,15.2,6.9,1,5.5,17.6,18.2,0,2.2,2.3,0.072,-1.8,0.9,-0.9,0.4,
70,Alec Burks,31,DET,SG,51,8,1122,16.5,0.602,0.521,0.41,1.8,14.2,7.8,15.9,1.6,0.6,9.7,22.8,1.9,0.6,2.5,0.109,1.8,-0.5,1.2,0.9,
71,Tobias Harris,30,PHI,SF,74,74,2436,14.8,0.602,0.383,0.153,3.3,17,10.3,11.4,1.4,1.5,9,18.2,3.1,2.8,5.9,0.116,0.6,0.1,0.7,1.7,
72,Jalen Williams,21,OKC,SG,75,62,2276,15.6,0.601,0.258,0.241,3.9,12.2,7.9,15.4,2.1,1.4,12.3,18.4,3,2.6,5.6,0.119,-0.4,0.7,0.3,1.3,ROY-2
73,Devin Booker,26,PHO,SG,53,53,1835,22,0.601,0.296,0.336,2.7,12,7.2,27.3,1.4,0.9,10.6,31.8,4.2,1.9,6,0.157,4.5,-0.3,4.2,2.9,
74,Alperen Şengün,20,HOU,C,75,72,2171,19.7,0.599,0.071,0.36,12.1,22.3,17.1,21,1.6,3.2,17.3,21.4,3.4,1.8,5.2,0.115,1.1,0.4,1.4,1.9,
75,De'Aaron Fox,25,SAC,PG,73,73,2435,21.8,0.599,0.276,0.331,1.9,12.4,7.2,29.6,1.6,0.8,10.6,30.1,5.5,1.8,7.4,0.146,3.4,-0.9,2.5,2.7,"MVP-11,CPOY-1,AS,NBA3"
76,Zach Collins,25,SAS,C,63,26,1441,16.4,0.599,0.268,0.259,8.5,22.5,15.2,18,1.2,2.8,17.4,21.2,1.2,1,2.2,0.074,-0.5,0.3,-0.2,0.6,
77,Kentavious Caldwell-Pope,29,DEN,SG,76,76,2381,11.5,0.598,0.505,0.198,1.7,8.1,5,9.8,2.3,1.3,11.1,14.1,2,2.5,4.5,0.091,-1.6,0.6,-1,0.6,
78,Jalen Brunson,26,NYK,PG,68,68,2379,21.2,0.597,0.269,0.328,1.8,9.3,5.6,28.7,1.3,0.6,9.4,27.2,6.9,1.8,8.7,0.175,4.4,-0.5,3.9,3.5,"MVP-12,CPOY-4"
79,Jonathan Kuminga,20,GSW,PF,67,16,1394,13.3,0.597,0.294,0.278,5.6,12.5,9.1,12.7,1.4,2,14.6,19.6,1,1.4,2.4,0.084,-1.7,-0.1,-1.7,0.1,
80,Keegan Murray,22,SAC,SF,80,78,2382,12.3,0.597,0.641,0.104,4.3,13.4,8.9,5.5,1.2,1.5,6.8,15.8,2.6,1.7,4.3,0.087,0.4,-1,-0.6,0.8,ROY-5
81,Nikola Vučević,32,CHI,C,82,82,2746,19.1,0.594,0.302,0.138,6.7,30.2,18.6,14.6,1.1,2,10.2,21.9,3.9,4.4,8.3,0.145,1.9,0.7,2.7,3.2,
82,Donte DiVincenzo,26,GSW,SG,72,36,1894,12.8,0.593,0.7,0.131,4.7,14,9.4,17.3,2.4,0.5,16.4,15.1,1.9,2.3,4.2,0.106,-0.6,1.3,0.7,1.3,
83,Bradley Beal,29,WAS,SG,50,50,1673,19.7,0.593,0.249,0.26,2.8,9.9,6.5,26.6,1.3,1.7,12.9,29.2,2.2,1.2,3.4,0.099,2.9,-1.2,1.8,1.6,
84,John Collins,25,ATL,PF,71,71,2130,13.6,0.593,0.339,0.252,3.9,20,11.9,5.3,0.9,2.9,9.1,17.1,2.1,2.1,4.2,0.095,-1.4,0.2,-1.3,0.4,
85,DeMar DeRozan,33,CHI,SF,74,74,2682,20.6,0.592,0.109,0.401,1.5,12.8,7.2,22.3,1.5,1.3,9.1,27.8,5.4,3.2,8.5,0.153,1.7,0.3,2,2.6,"CPOY-3,AS"
86,Bam Adebayo,25,MIA,C,75,75,2598,20.1,0.592,0.011,0.361,8,23.6,15.5,15.9,1.7,2.4,12.7,25.2,3.6,3.8,7.4,0.137,0.8,0.8,1.5,2.3,"DPOY-5,AS"
87,Draymond Green,32,GSW,PF,73,73,2297,12.2,0.592,0.276,0.228,3.2,21.6,12.6,27.8,1.5,2.3,28.1,13.2,1.6,3.1,4.7,0.098,-1.8,2.6,0.8,1.6,DPOY-4
88,Santi Aldama,22,MEM,PF,77,20,1682,13.9,0.591,0.507,0.274,5.4,18,11.7,7.6,1.3,2.6,9.3,16,2.1,2.4,4.6,0.13,-0.3,0.8,0.5,1.1,
89,Evan Mobley,21,CLE,PF,79,79,2715,17.9,0.591,0.108,0.321,8.1,22.7,15.4,12.4,1.1,4,11.9,20.2,3.7,4.8,8.5,0.151,0,1.6,1.7,2.5,DPOY-3
90,Doug McDermott,31,SAS,SF,64,0,1314,11.2,0.59,0.57,0.134,1.9,9.9,5.8,9.8,0.5,0.4,9.5,19.2,1,0,1,0.035,-0.7,-2.5,-3.2,-0.4,
91,Chris Boucher,30,TOR,PF,76,0,1523,18,0.59,0.357,0.318,10.9,21.2,15.7,2.7,1.5,4.1,6.4,18,3,2,5,0.156,0.7,-0.8,-0.1,0.7,
92,T.J. McConnell,30,IND,PG,75,6,1526,16.8,0.59,0.113,0.131,3.3,13.7,8.5,37.9,2.5,0.6,20.6,19.1,1.9,1.2,3.1,0.098,0.4,0.1,0.5,1,
93,Franz Wagner,21,ORL,SF,80,80,2609,15.9,0.589,0.322,0.288,3,11.2,7.1,17.2,1.4,0.6,11.7,23.5,3.1,2.3,5.4,0.099,0.4,-0.5,-0.1,1.3,
94,Jusuf Nurkić,28,POR,C,52,52,1391,17.3,0.589,0.236,0.38,9.3,29.7,19.5,16.4,1.5,2.8,16.8,22.1,1.2,1.5,2.7,0.092,-0.6,0.7,0.1,0.7,
95,Paul George,32,LAC,SF,56,56,1939,19.6,0.588,0.424,0.293,2.6,17,9.9,24.2,2.1,0.9,13.4,29.5,2.3,2.3,4.6,0.114,2.4,0.3,2.8,2.3,AS
96,Mikal Bridges,26,2TM,SG,83,83,2963,16.8,0.587,0.349,0.279,2.9,10.8,6.8,13.7,1.5,1.8,8.2,22.6,4.4,3.1,7.5,0.121,1.5,0.2,1.7,2.8,
97,Eric Gordon,34,2TM,SG,69,58,1965,11.8,0.587,0.545,0.265,0.9,6.7,3.8,13.4,1.1,1.2,12.5,17.8,1.8,0.5,2.3,0.056,-0.5,-1.4,-1.9,0.1,
98,Malik Monk,24,SAC,SG,77,0,1719,16.6,0.587,0.5,0.26,2.1,11.3,6.7,25,1.4,1,14.1,25.8,2.1,1.2,3.2,0.091,1.6,-1.4,0.3,1,6MOY-5
99,Darius Garland,23,CLE,PG,69,69,2447,18.8,0.587,0.365,0.284,1.3,7.6,4.5,34.1,1.7,0.3,13.5,26.9,4.5,3,7.6,0.148,3.2,-0.7,2.4,2.7,
100,OG Anunoby,25,TOR,SF,67,67,2386,14.6,0.586,0.415,0.189,4.2,12.1,7.9,8,2.7,2,12.1,19.5,1.8,2.9,4.7,0.094,-0.3,0.7,0.4,1.5,DPOY-7
101,Bogdan Bogdanović,30,ATL,SG,54,9,1508,14.2,0.586,0.589,0.126,1.6,10.4,6,13.4,1.4,1,9.2,19.8,1.8,1,2.8,0.088,1.1,-0.7,0.5,0.9,
102,Jrue Holiday,32,MIL,PG,67,65,2183,19.2,0.586,0.402,0.173,3.9,12,8.1,34.4,1.7,0.9,15.2,25,3.9,2.8,6.7,0.148,3,0.1,3.1,2.8,"DPOY-7,AS"
103,LeBron James,38,LAL,PF,55,54,1954,23.9,0.583,0.309,0.268,3.7,20.8,12.5,33.5,1.2,1.4,11.6,33.3,3.2,2.4,5.6,0.138,5.5,0.6,6.1,4,"AS,NBA3"
104,Kyle Anderson,29,MIN,PF,69,46,1957,14.8,0.583,0.212,0.275,3.8,16.9,10.5,22.6,1.9,2.8,15.7,14.4,2.5,2.6,5.1,0.125,0.2,2.3,2.5,2.2,
105,Mike Conley,35,2TM,PG,67,66,2029,14.7,0.583,0.575,0.277,1.8,7.9,4.9,29.4,1.7,0.6,13.1,16.3,4.1,1.4,5.5,0.13,1,-0.1,0.9,1.5,
106,Brandon Ingram,25,NOP,SF,45,45,1538,19.2,0.582,0.196,0.326,1.7,16.4,9.1,28.1,1,1.2,13.4,30.8,1.8,1.7,3.5,0.108,2.2,-0.4,1.7,1.5,
107,Jaylen Brown,26,BOS,SF,67,67,2405,19.1,0.581,0.352,0.249,3.6,17,10.4,16.5,1.5,0.9,11.4,31.4,1.6,3.4,5,0.1,1.5,-0.2,1.3,2,"AS,NBA2"
,League Average,,,,,,,,0.581,0.387,0.266,4.8,15.2,10,15.4,1.5,1.7,12,19.9,,,,,,,,,
108,Julius Randle,28,NYK,PF,77,77,2737,20.3,0.581,0.444,0.371,5.6,25.2,15.4,18.5,0.9,0.7,11.5,29.5,5,3.1,8.1,0.142,3.9,-0.2,3.7,3.9,"CPOY-14,AS,NBA3"
109,Anfernee Simons,23,POR,SG,62,62,2171,14.8,0.581,0.538,0.171,0.9,7.6,4.3,18.6,0.9,0.6,10.2,25.1,2.1,0.3,2.5,0.054,1.3,-2.5,-1.1,0.5,
110,Monte Morris,27,WAS,PG,62,61,1695,15,0.579,0.396,0.15,1.8,11.6,6.9,26.4,1.2,0.6,9.9,15.6,3.1,1.1,4.2,0.12,0.8,-0.4,0.5,1.1,
111,Cedi Osman,27,CLE,SF,77,2,1548,12,0.579,0.589,0.204,1.9,11.5,6.7,10.6,1.1,0.7,8.3,18.2,1.4,1.9,3.3,0.103,-0.8,0.2,-0.7,0.5,
112,Immanuel Quickley,23,NYK,SG,81,21,2344,16.3,0.578,0.485,0.265,2.7,13.1,7.9,17.4,1.7,0.6,8.7,20.9,4.4,2.3,6.7,0.137,1.3,0.4,1.7,2.1,6MOY-2
113,AJ Griffin,19,ATL,SF,72,12,1401,12.6,0.577,0.486,0.088,2.9,9.2,6,7,1.4,0.7,7.1,17.9,1.3,0.9,2.2,0.075,-0.3,-0.5,-0.8,0.4,
114,Klay Thompson,32,GSW,SF,69,69,2279,14.7,0.576,0.584,0.105,1.9,11.7,6.9,11,1,1.1,8.6,26.4,1.2,1.9,3.1,0.066,1.5,-1.7,-0.3,1,
115,Patrick Williams,21,CHI,PF,82,65,2323,11.2,0.576,0.409,0.155,3.9,12,8,5.8,1.5,2.9,12.3,15.7,0.5,3,3.5,0.072,-1.7,0.4,-1.3,0.4,
116,Bobby Portis,27,MIL,PF,70,22,1818,17.8,0.575,0.32,0.156,9.2,28.6,19.3,8.7,0.8,0.7,8.6,21.7,2.5,2.8,5.3,0.139,1.2,-0.6,0.7,1.2,6MOY-3
117,Shake Milton,26,PHI,SG,76,11,1567,12.7,0.575,0.294,0.231,3,11.3,7.2,22.3,0.8,0.8,14.5,18.5,1.6,1.2,2.9,0.087,-1,-0.9,-2,0,
118,Jordan Poole,23,GSW,PG,82,43,2458,14.6,0.573,0.498,0.325,1.5,8.5,5,22.5,1.2,0.8,14.7,29.2,1.4,1.9,3.2,0.063,-0.1,-1.8,-1.9,0.1,
119,Spencer Dinwiddie,29,2TM,SG,79,79,2725,16,0.573,0.467,0.314,1.2,10.2,5.7,28.1,1.2,0.8,10.8,22.1,4.5,1.8,6.3,0.111,1.6,-0.9,0.7,1.8,
120,Trae Young,24,ATL,PG,73,73,2541,22,0.573,0.331,0.46,2.4,7,4.7,42.5,1.5,0.3,15.2,32.6,5.3,1.4,6.7,0.126,5.3,-2,3.3,3.4,
121,Coby White,22,CHI,SG,74,2,1730,12.5,0.572,0.579,0.118,1.1,12.6,6.9,16.3,1.5,0.3,10.6,17.9,1.2,1.9,3.1,0.087,-1,0.2,-0.8,0.5,
122,Caleb Martin,27,MIA,SF,71,49,2077,11.4,0.571,0.431,0.206,4.8,15,9.7,8.2,1.7,1.5,11.5,14.4,1.2,2.5,3.7,0.086,-1.8,0.5,-1.2,0.4,
123,Jamal Murray,25,DEN,PG,65,65,2133,18,0.571,0.415,0.207,2.7,11,6.9,27.5,1.5,0.7,11.3,26.1,3.3,1.9,5.1,0.116,2.6,-1.3,1.3,1.8,
124,Bruce Brown,26,DEN,SF,80,31,2280,13.3,0.571,0.343,0.206,3.3,13,8.3,15.7,1.9,2,13.2,17.8,1.7,2.6,4.3,0.09,-1.1,0.6,-0.5,0.9,
125,Cole Anthony,22,ORL,PG,60,4,1552,16,0.57,0.338,0.279,3.4,17.6,10.5,22.9,1.2,1.9,11.7,21.5,2.1,1.7,3.7,0.116,0.7,0.5,1.3,1.3,
126,Lonnie Walker IV,24,LAL,SG,56,32,1297,12.2,0.57,0.472,0.201,1.2,7.6,4.5,7,1.1,1.1,7.4,20.2,0.8,1,1.8,0.066,-0.9,-0.5,-1.4,0.2,
127,Shaedon Sharpe,19,POR,SG,80,15,1779,11.5,0.568,0.437,0.162,4,11.3,7.6,7.9,1,1.2,10.7,19,0.6,0.6,1.2,0.032,-1.3,-2,-3.3,-0.6,
128,Herbert Jones,24,NOP,PF,66,66,1951,12.1,0.567,0.333,0.321,5.6,10,7.8,11.1,2.6,2.1,13.3,14.5,1.5,2.7,4.2,0.104,-1.9,1.7,-0.3,0.8,
129,Cam Thomas,21,BRK,SG,57,4,948,14.7,0.567,0.292,0.382,1,10.1,5.6,12.7,1,0.6,10.6,27.8,0.3,0.7,1,0.049,-0.7,-2,-2.7,-0.2,
130,Ayo Dosunmu,23,CHI,SG,80,51,2098,10.2,0.567,0.332,0.144,2.5,9.3,5.9,13.2,1.4,1.2,14,14.9,0.7,2.2,2.9,0.067,-3,0.6,-2.5,-0.2,
131,Tyler Herro,23,MIA,SG,67,67,2337,15.3,0.566,0.484,0.164,1.3,17.3,9,19.9,1.1,0.7,11.7,25.6,1.1,2.4,3.5,0.072,1.5,-0.8,0.6,1.6,
132,De'Anthony Melton,24,PHI,SG,77,58,2150,12.7,0.566,0.619,0.134,3.9,13.1,8.6,12.9,2.9,1.8,12.9,16.4,1.1,3.1,4.2,0.095,-0.7,1.6,0.9,1.6,
133,Bennedict Mathurin,20,IND,SG,78,17,2222,13.1,0.566,0.326,0.477,4.4,11.5,7.9,7.6,1,0.5,11.7,24.6,1,0.8,1.8,0.038,-1.2,-2.5,-3.7,-1,"ROY-4,6MOY-8"
134,Torrey Craig,32,PHO,PF,79,60,1948,11.6,0.566,0.506,0.09,8.1,16.3,12.1,7.9,1.3,2.9,12.3,13,1.5,2.5,4,0.098,-1.3,0.7,-0.6,0.7,
135,Aaron Nesmith,23,IND,SF,73,60,1816,10.5,0.566,0.532,0.241,3.8,13.1,8.5,7.4,1.4,1.6,10.3,16.8,0.9,1.1,2,0.052,-2.3,-0.7,-3,-0.4,
136,Pascal Siakam,28,TOR,PF,71,71,2652,20.3,0.565,0.219,0.361,5.2,19.6,11.9,24.9,1.2,1.3,10,27.2,5.2,2.6,7.8,0.141,3.3,-0.1,3.1,3.4,AS
137,Kevin Porter Jr.,22,HOU,PG,59,59,2024,16.2,0.565,0.436,0.299,4.1,13.1,8.5,25.7,2,0.8,15.8,24.3,1.9,1,2.9,0.068,1.4,-0.8,0.6,1.3,
138,Jalen Smith,22,IND,C,68,31,1279,15.9,0.565,0.376,0.27,11.2,22.9,17.1,7.6,0.8,4,11.2,21,1.1,1.1,2.3,0.085,-0.9,-1.1,-2.1,0,
139,Kyle Lowry,36,MIA,PG,55,44,1718,12.6,0.565,0.639,0.278,2.8,12.9,7.7,23.4,1.7,1.2,15.9,16.7,1.5,1.9,3.4,0.096,-0.7,0.8,0.2,0.9,
140,Andrew Wiggins,27,GSW,SF,37,37,1190,14.7,0.564,0.425,0.136,5.7,11.3,8.6,10.5,1.8,2.1,7.9,21.5,1,1.3,2.3,0.091,-0.1,-0.4,-0.5,0.5,
141,Saddiq Bey,23,2TM,SF,77,37,2129,14.6,0.564,0.5,0.285,5,14,9.4,8.1,1.6,0.5,7,20.2,2.6,1.2,3.9,0.087,0.9,-1.2,-0.3,0.9,
142,Markelle Fultz,24,ORL,PG,60,60,1778,16.6,0.564,0.128,0.211,4.4,10.5,7.4,29.8,2.4,1.4,15.8,21.3,1.7,2,3.7,0.1,-0.1,0.7,0.5,1.2,
143,Anthony Edwards,21,MIN,SG,79,79,2842,17.4,0.564,0.375,0.274,1.9,15.9,9,19.3,2.1,1.8,13,29.9,0.2,3.6,3.8,0.064,1,0,1,2.1,AS
144,De'Andre Hunter,25,ATL,SF,67,67,2126,11.5,0.563,0.348,0.252,2.3,12.4,7.3,6,0.8,0.7,8.2,19.7,1.4,1.2,2.5,0.057,-1.9,-1.4,-3.3,-0.7,
145,Gordon Hayward,32,CHO,SF,50,50,1577,13.5,0.563,0.275,0.274,2.2,12.6,7.3,19.3,1.3,0.7,13.2,20,0.8,1.1,2,0.059,-1.1,-0.3,-1.4,0.2,
146,Gary Trent Jr.,24,TOR,SG,66,44,2118,15,0.56,0.481,0.219,1.5,8.2,4.6,7.4,2.4,0.6,5.1,21.7,2.5,2,4.5,0.102,0.2,0,0.2,1.2,
147,Isaiah Stewart,21,DET,C,50,47,1414,13.1,0.56,0.465,0.338,8.7,23.3,15.8,7.3,0.7,2.1,11.8,17.3,1.1,0.9,2,0.068,-1,-1.1,-2.1,0,
148,Jevon Carter,27,MIL,PG,81,39,1810,10.9,0.56,0.596,0.067,2.1,9.3,5.8,14.5,1.7,1.3,11.8,15.3,1.2,2.3,3.5,0.092,-1.9,1.2,-0.6,0.6,
149,Jordan Clarkson,30,UTA,SG,61,61,1988,14.7,0.558,0.445,0.238,4,9.3,6.7,20.9,0.8,0.6,14,27.8,0.9,0.8,1.7,0.042,1,-2.4,-1.4,0.3,
150,Jalen McDaniels,25,2TM,SF,80,24,1913,11.8,0.557,0.376,0.224,3.6,16.3,9.9,9.6,2.1,1.6,12.1,17.2,0.5,2.2,2.7,0.068,-2.7,0.6,-2.1,-0.1,
151,Ja Morant,23,MEM,PG,61,59,1948,23.3,0.557,0.247,0.409,3.3,16.1,9.7,41.1,1.6,0.7,12.6,34.9,3.4,2.6,6,0.148,5.2,0.5,5.7,3.8,"MVP-12,AS"
152,Max Strus,26,MIA,SF,80,33,2272,10.8,0.557,0.713,0.113,2.4,11.2,6.7,11.2,0.9,0.5,7.8,17.6,1.5,1.9,3.4,0.071,-0.8,-0.9,-1.7,0.2,
153,Rui Hachimura,24,2TM,PF,63,9,1466,13.2,0.556,0.274,0.204,4.1,16.5,10.5,5.8,0.6,1.5,7.7,20.2,0.6,1.3,1.8,0.06,-1.3,-1,-2.2,-0.1,
154,Chris Paul,37,PHO,PG,59,59,1889,17.7,0.555,0.391,0.24,1.6,13.4,7.4,38.7,2.4,1,13.4,19.2,3.7,2.5,6.2,0.156,2,1.2,3.2,2.5,
155,Josh Richardson,29,2TM,SG,65,10,1530,12.3,0.555,0.529,0.146,2.9,9.9,6.3,15.8,2.2,1.2,12.7,18.4,0.6,1.1,1.8,0.055,-1,-0.1,-1.2,0.3,
156,Tim Hardaway Jr.,30,DAL,SF,71,45,2152,12.1,0.554,0.649,0.195,1.1,12.6,6.8,9,1.1,0.5,6.1,20.6,1,1.3,2.3,0.051,-0.3,-1.5,-1.8,0.1,
157,Keldon Johnson,23,SAS,SF,63,63,2063,15.3,0.551,0.366,0.294,2.9,14.4,8.4,13.7,1.1,0.4,9.6,27.9,0.7,0.5,1.3,0.03,0.7,-2.5,-1.8,0.1,
158,Devin Vassell,22,SAS,SG,38,32,1178,15.5,0.55,0.447,0.168,0.7,13.5,6.9,17.3,1.7,1.2,8.2,24.4,0.7,0.5,1.2,0.051,1.3,-0.9,0.4,0.7,
159,Caris LeVert,28,CLE,SG,74,30,2237,12.4,0.546,0.437,0.243,2.8,12.1,7.4,18,1.6,1,12.4,18.7,1.4,3.1,4.4,0.095,-1,0.8,-0.2,1,
160,Tyus Jones,26,MEM,PG,80,22,1940,16,0.546,0.459,0.141,1.5,9.4,5.5,28.8,2,0.3,8.9,17.7,3.4,2.3,5.7,0.141,1.2,0.3,1.6,1.7,6MOY-6
161,Dennis Schröder,29,LAL,PG,66,50,1986,11.5,0.545,0.346,0.388,1.2,7.5,4.4,20.1,1.2,0.4,12.8,18.6,1.3,1.5,2.8,0.068,-2.4,-0.5,-2.9,-0.4,
162,Kyle Kuzma,27,WAS,PF,64,64,2239,14.3,0.544,0.421,0.208,2.8,19.5,11.5,16.5,0.8,1.1,13.2,27.9,-1,1.9,0.9,0.019,-0.2,-1.5,-1.7,0.2,
163,P.J. Washington,24,CHO,PF,73,73,2380,12.9,0.542,0.438,0.178,3.2,13,8,11,1.3,2.9,9.4,20.6,0.4,2.2,2.6,0.052,-1,-0.3,-1.3,0.4,
164,CJ McCollum,31,NOP,PG,75,75,2649,15.6,0.541,0.404,0.177,2.4,11.7,7,25.1,1.3,1.4,11.2,26.4,1.5,2.8,4.3,0.078,1.5,-0.7,0.8,1.9,
165,LaMelo Ball,21,CHO,PG,36,36,1268,17.9,0.541,0.531,0.169,3.5,16.2,9.7,38.7,1.7,0.8,14.3,30,0.6,1.2,1.8,0.068,3.2,-0.8,2.4,1.4,
166,Dejounte Murray,26,ATL,SG,74,74,2693,17,0.54,0.293,0.144,2.1,13.8,7.9,24,2,0.6,10.2,24.4,2.4,2.3,4.7,0.084,1.1,0,1,2.1,
167,Fred VanVleet,28,TOR,PG,69,69,2535,17,0.54,0.545,0.254,1.2,12,6.3,28.1,2.4,1.5,10.2,23.2,3.7,2.8,6.5,0.123,2,0.5,2.5,2.9,
168,Naji Marshall,25,NOP,SF,77,21,1792,11.4,0.539,0.382,0.306,3,14.6,8.8,14.4,1.5,0.7,13,17.8,0.5,2,2.5,0.068,-1.9,0,-1.9,0.1,
169,Jalen Green,20,HOU,SG,76,76,2602,14.5,0.538,0.408,0.341,1.8,10.3,6,17.3,1.1,0.7,11.3,28.1,1.4,0.5,1.8,0.034,0.5,-2.6,-2.1,0,
170,Royce O'Neale,29,BRK,SF,76,53,2409,9.2,0.538,0.707,0.116,2.6,15,9,15.3,1.3,1.7,15.5,13.6,0.4,2.5,2.9,0.057,-1.7,0.6,-1.1,0.5,
171,Marcus Smart,28,BOS,PG,61,61,1957,12.1,0.538,0.568,0.196,2.6,8,5.3,26.4,2.3,1,17.9,17.8,1,2.7,3.7,0.092,-1.8,0.8,-1,0.5,
172,Bones Hyland,22,2TM,PG,56,1,1085,14.9,0.535,0.552,0.179,2.1,11.8,7.1,23.4,1.8,1.2,11.7,28,0.3,1.1,1.4,0.062,0.4,-1.2,-0.8,0.3,
173,Deni Avdija,22,WAS,SF,76,40,2020,11.2,0.535,0.401,0.285,4.2,21.9,13.4,13.9,1.6,1.2,15.9,16.7,0,2.3,2.3,0.054,-2.8,0.5,-2.3,-0.1,
174,Tre Jones,23,SAS,PG,68,65,1984,16,0.534,0.213,0.231,3,10.8,6.7,31.5,2.1,0.4,11.8,19.3,2.6,0.8,3.4,0.082,-0.2,-0.8,-1,0.5,
175,Marcus Morris,33,LAC,PF,65,65,1825,10.5,0.534,0.479,0.135,1.8,13.9,7.9,8.9,1.1,1,7.6,17.6,0.4,1.6,2,0.053,-1.8,-0.2,-1.9,0,
176,Kelly Oubre Jr.,27,CHO,SF,48,40,1548,14.8,0.534,0.414,0.254,4.4,12.9,8.6,5.6,2.1,1,6.6,26.5,0.1,1.5,1.7,0.051,-0.4,-0.7,-1.1,0.3,
177,Josh Giddey,20,OKC,PF,76,76,2367,17.1,0.533,0.209,0.13,6.6,20.9,13.6,29.9,1.1,1.2,15.1,24.6,1.3,2.7,4,0.081,1.5,-0.3,1.2,1.9,
178,Gabe Vincent,26,MIA,PG,68,34,1759,9,0.533,0.617,0.138,1.7,8.1,4.8,13.9,1.8,0.3,13.3,17.5,-0.3,1.7,1.4,0.038,-3.1,-0.3,-3.4,-0.6,
179,Malik Beasley,26,2TM,SG,81,27,2093,10.9,0.531,0.702,0.069,1.8,12.5,7.3,8.4,1.5,0.4,8.5,21.1,-0.2,1.6,1.4,0.032,-0.9,-1,-2,0,
180,Josh Okogie,24,PHO,SG,72,26,1350,13.3,0.531,0.476,0.464,8.8,11.9,10.3,10.3,2,2.3,11.2,17.7,1.1,1.7,2.8,0.101,-0.8,0.5,-0.2,0.6,
181,RJ Barrett,22,NYK,SG,73,73,2475,12.9,0.531,0.332,0.333,2.7,13.7,8.2,12.4,0.6,0.6,10.8,26.2,0.5,1.8,2.2,0.043,-1.2,-1.9,-3.1,-0.7,
182,Paolo Banchero,20,ORL,PF,72,72,2430,14.9,0.529,0.254,0.476,3.9,19.3,11.6,17.2,1.2,1.5,12.8,27.5,-0.3,2.6,2.4,0.047,-0.7,-0.7,-1.5,0.3,ROY-1
183,Jaden Ivey,20,DET,SG,74,73,2304,12.1,0.528,0.356,0.362,3.4,10.7,6.9,26.2,1.3,0.7,17.2,25.4,-0.9,0.8,0,-0.001,-1.4,-1.9,-3.3,-0.7,ROY-6
184,Andrew Nembhard,23,IND,SG,75,63,2073,10,0.528,0.408,0.096,1.9,8.8,5.3,22.4,1.6,0.5,15.8,16.1,0.4,0.8,1.2,0.029,-2.4,-0.8,-3.2,-0.6,
185,Jaylen Nowell,23,MIN,SG,65,2,1252,13.7,0.527,0.371,0.158,3.3,11.7,7.6,15.9,1.6,0.3,8.9,25,0,1.2,1.2,0.046,-1.5,-1,-2.5,-0.2,
186,Tari Eason,21,HOU,PF,82,5,1767,15.2,0.525,0.261,0.22,12,18.9,15.4,7.4,2.6,2.6,12.2,19.3,0.9,1.7,2.6,0.07,-1.3,-0.4,-1.7,0.1,
187,Jose Alvarado,24,NOP,PG,61,10,1310,11.8,0.525,0.505,0.164,2.4,9.8,6.1,19.9,2.5,0.7,13.4,19.8,0.1,1.7,1.8,0.066,-2,0.7,-1.2,0.3,
188,Scottie Barnes,21,TOR,SF,77,76,2678,15.5,0.524,0.22,0.242,7.1,15.2,10.8,20,1.5,2.2,12,20.3,2.3,2.7,5,0.09,0.5,-0.1,0.4,1.6,
189,Malaki Branham,19,SAS,SG,66,32,1550,9.5,0.524,0.417,0.115,1.9,11.2,6.4,11.4,1,0.4,10.6,19.1,-0.4,0.2,-0.1,-0.004,-3,-2.1,-5.2,-1.3,
190,Dorian Finney-Smith,29,2TM,PF,66,66,2009,9.2,0.523,0.675,0.118,6.5,11.5,9,6.7,1.4,1.6,10.5,13.2,0.6,1.6,2.1,0.051,-1.7,-0.3,-2,0,
191,Terry Rozier,28,CHO,SG,63,63,2221,14.7,0.517,0.425,0.185,2.4,10.2,6.2,22.7,1.6,0.6,9.4,26.9,0.1,1.6,1.7,0.037,0.6,-1.1,-0.6,0.8,
192,Jabari Smith Jr.,19,HOU,PF,79,79,2451,11.2,0.514,0.438,0.231,5.4,20.3,12.7,5.9,0.9,3,9.6,18.4,0.5,1.4,1.9,0.037,-2.3,-1.3,-3.7,-1.1,
193,Reggie Jackson,32,2TM,PG,68,40,1657,10,0.514,0.45,0.122,1.7,8,4.9,20,1.4,0.3,14.6,20.8,-0.6,1.2,0.6,0.018,-2.9,-1.1,-3.9,-0.8,
194,Russell Westbrook,34,2TM,PG,73,24,2126,16.1,0.513,0.289,0.317,4.7,16.5,10.8,38.6,1.7,1.3,18.4,27.7,-0.6,2.6,1.9,0.044,0.3,-0.1,0.2,1.2,6MOY-9
195,Luguentz Dort,23,OKC,SF,74,73,2272,11.3,0.513,0.468,0.297,5.9,10.4,8.1,9.2,1.6,0.9,8.5,19.8,0.9,2.1,2.9,0.062,-2,-1,-3,-0.6,
196,Jeremy Sochan,19,SAS,PF,56,53,1458,11.4,0.509,0.243,0.21,6.9,15.6,11,13.6,1.4,1.3,13.9,19.8,-0.5,0.7,0.2,0.005,-2.8,-1.2,-4,-0.7,
197,Talen Horton-Tucker,22,UTA,SG,65,20,1313,13.7,0.508,0.331,0.274,3.4,13.7,8.6,27.4,1.5,1.9,15.5,25.9,-0.3,1.1,0.8,0.029,-1.1,-0.5,-1.6,0.2,
198,Dillon Brooks,27,MEM,SF,73,73,2214,9.4,0.494,0.443,0.155,2.2,9.5,5.8,11.7,1.4,0.7,8.9,21.8,-0.8,2.4,1.6,0.034,-3.4,-0.5,-3.9,-1.1,
199,Tre Mann,21,OKC,PG,67,5,1183,10,0.492,0.513,0.11,2.4,11.8,7,14,1.6,0.9,10.6,20.7,-0.6,1.1,0.5,0.021,-3,-1,-3.9,-0.6,
200,Dennis Smith Jr.,25,CHO,PG,54,15,1390,11.6,0.475,0.246,0.235,2,11,6.4,26.1,2.6,1.6,14.1,17.6,-0.4,1.5,1.1,0.039,-3.5,1.2,-2.2,-0.1,
201,Killian Hayes,21,DET,PG,76,56,2154,10.2,0.455,0.351,0.137,1.4,10.2,5.7,32.3,2.3,1.1,16.7,20.5,-1.9,1.4,-0.5,-0.012,-3.3,-0.5,-3.8,-1,